Cantidad_victimas,Fecha,Hora,Tipo_de_calle,Calle,Cruce,Dirección_normalizada,Comuna,Longitud,Latitud,Victima,Acusado
1,2016-01-01,04:00:00,AVENIDA,PIEDRA BUENA AV.,SI,"PIEDRA BUENA AV. y FERNANDEZ DE LA CRUZ, F., GRAL. AV.",8,-58.47533969,-34.68757022,MOTO,AUTO
1,2016-01-02,01:00:00,GRAL PAZ,"PAZ, GRAL. AV.",SI,"PAZ, GRAL. AV. y DE LOS CORRALES AV.",9,-58.50877521,-34.66977709,AUTO,PASAJEROS
1,2016-01-03,07:00:00,AVENIDA,ENTRE RIOS AV.,NO,ENTRE RIOS AV. 2034,1,-58.39040293,-34.63189362,MOTO,AUTO
1,2016-01-10,00:00:00,AVENIDA,LARRAZABAL AV.,SI,"LARRAZABAL AV. y VILLEGAS, CONRADO, GRAL.",8,-58.46503904,-34.68092974,MOTO,SD
1,2016-01-21,05:00:00,AVENIDA,SAN JUAN AV.,SI,"SAN JUAN AV. y SAENZ PEÃ‘A, LUIS, PRES.",1,-58.38718297,-34.6224663,MOTO,PASAJEROS
1,2016-01-24,18:00:00,AVENIDA,27 DE FEBRERO AV.,SI,27 DE FEBRERO AV. y ESCALADA AV.,8,-58.44451316,-34.68475866,MOTO,OBJETO FIJO
1,2016-01-24,19:00:00,CALLE,NOGOYA,SI,"NOGOYA y GONZALEZ, JOAQUIN V.",11,-58.50095869,-34.6082544,MOTO,AUTO
1,2016-01-29,15:00:00,GRAL PAZ,"PAZ, GRAL. AV.",SI,"PAZ, GRAL. AV. y DE LOS CORRALES AV.",9,-58.50877521,-34.66977709,MOTO,AUTO
1,2016-02-08,01:00:00,AVENIDA,BELGRANO AV.,SI,"BELGRANO AV. e IRIGOYEN, BERNARDO DE",1,-58.38048577,-34.61303893,MOTO,CARGAS
1,2016-02-10,11:00:00,AVENIDA,ENTRE RIOS AV.,NO,ENTRE RIOS AV. 1366,1,-58.39114932,-34.62477387,PEATON,AUTO
1,2016-02-14,05:00:00,AVENIDA,"SCALABRINI ORTIZ, RAUL AV.",SI,"SCALABRINI ORTIZ, RAUL AV. y VERA",15,-58.4376002,-34.59912758,PEATON,AUTO
1,2016-02-14,22:00:00,AVENIDA,REGIMIENTO DE PATRICIOS AV.,SI,"REGIMIENTO DE PATRICIOS AV. y QUINQUELA MARTIN, BENITO",4,-58.36882665,-34.64291993,MOTO,AUTO
1,2016-02-15,16:00:00,AVENIDA,"ACOSTA, MARIANO",SI,"ACOSTA, MARIANO y JANER, ANA MARIA",8,-58.44989671,-34.65970435,PEATON,MOTO
1,2016-02-17,09:00:00,CALLE,"DE LA TORRE, LISANDRO",SI,"DE LA TORRE, LISANDRO y GARCIA GRANDE DE ZEQUEIRA, SEVERO",9,-58.50990884,-34.65468721,PEATON,PASAJEROS
1,2016-02-17,16:00:00,CALLE,SUIPACHA,NO,SUIPACHA 156,1,-58.37952223,-34.60653282,PEATON,AUTO
1,2016-02-17,23:00:00,AVENIDA,DIRECTORIO AV.,SI,DIRECTORIO AV. y CURAPALIGUE,7,-58.45157703,-34.63063795,AUTO,AUTO
1,2016-02-21,06:00:00,AVENIDA,9 DE JULIO AV.,SI,"9 DE JULIO AV. y ALSINA, ADOLFO",1,-58.38144696,-34.61079875,MOTO,AUTO
1,2016-02-28,04:00:00,GRAL PAZ,"PAZ, GRAL. AV.",SI,"PAZ, GRAL. AV. y 27 DE FEBRERO AV.",8,-58.46244952,-34.70524971,AUTO,AUTO
1,2016-02-28,07:00:00,CALLE,HOLMBERG,SI,HOLMBERG y VEDIA,12,-58.49216191,-34.54738649,AUTO,OBJETO FIJO
1,2016-02-28,09:00:00,AVENIDA,CURAPALIGUE AV.,SI,"CURAPALIGUE AV. y DIAZ, AVELINO",7,-58.44497874,-34.63852623,AUTO,AUTO
1,2016-03-02,10:00:00,AVENIDA,VIAMONTE,SI,VIAMONTE y 9 DE JULIO AV.,1,-58.38199706,-34.60028648,PEATON,CARGAS
1,2016-03-04,17:00:00,AVENIDA,CABILDO AV.,SI,CABILDO AV. y DEHEZA,12,-58.47378664,-34.54153077,PEATON,PASAJEROS
1,2016-03-08,12:00:00,GRAL PAZ,"PAZ, GRAL. AV.",SI,"PAZ, GRAL. AV. y ROCA, CNEL. AV.",8,-58.47064556,-34.69843756,MOTO,PASAJEROS
1,2016-03-12,12:00:00,AVENIDA,"ALCORTA, AMANCIO AV.",SI,"ALCORTA, AMANCIO AV. y BONAVENA, OSCAR NATALIO",4,-58.40623949,-34.65076549,PEATON,PASAJEROS
1,2016-03-13,06:00:00,AVENIDA,CORRIENTES AV.,SI,CORRIENTES AV. y CALLAO AV.,3,-58.39228965,-34.60443527,MOTO,PASAJEROS
1,2016-03-14,00:00:00,CALLE,HERRERA,SI,"HERRERA y VALLE, ARISTOBULO DEL",4,-58.37813396,-34.63668504,MOTO,PASAJEROS
1,2016-03-19,11:00:00,AVENIDA,LAFUENTE AV.,SI,LAFUENTE AV. y QUIRNO,7,-58.46275892,-34.64358293,MOTO,MOTO
1,2016-03-21,08:00:00,GRAL PAZ,"PAZ, GRAL. AV.",SI,"PAZ, GRAL. AV. y ZUVIRIA",8,-58.49683458,-34.67892743,PEATON,PASAJEROS
1,2016-03-23,01:00:00,AVENIDA,"MITRE, BARTOLOME",SI,"MITRE, BARTOLOME y PUEYRREDON AV.",3,-58.40603217,-34.6088396,MOTO,PASAJEROS
2,2016-03-29,11:00:00,AVENIDA,DIRECTORIO AV.,SI,DIRECTORIO AV. y RIVERA INDARTE AV.,7,-58.4607655,-34.63350444,MOTO,CARGAS
1,2016-03-30,18:00:00,AVENIDA,"DELLEPIANE, LUIS, TTE. GRAL.",SI,"DELLEPIANE, LUIS, TTE. GRAL. y MURGUIONDO",8,-58.47832463,-34.67494416,PEATON,CARGAS
1,2016-03-31,19:00:00,AVENIDA,"MORENO, JOSE MARIA AV.",SI,"MORENO, JOSE MARIA AV. y BALBASTRO",7,-58.43213235,-34.63693953,MOTO,MULTIPLE
1,2016-04-11,10:00:00,GRAL PAZ,"PAZ, GRAL. AV.",SI,"PAZ, GRAL. AV. y DEL LIBERTADOR AV.",13,-58.46743471,-34.53476874,MOTO,SD
1,2016-04-15,05:00:00,CALLE,LIMA,NO,LIMA 1483,1,-58.38247061,-34.62571878,PEATON,PASAJEROS
1,2016-04-15,17:00:00,AVENIDA,CORRIENTES AV.,SI,CORRIENTES AV. y DORREGO AV.,15,-58.44759966,-34.5917024,PEATON,PASAJEROS
1,2016-04-17,00:00:00,AUTOPISTA,AUTOPISTA 1 SUR PRESIDENTE ARTURO FRONDIZI,NO,AUTOPISTA 1 SUR PRESIDENTE ARTURO FRONDIZI,4,-58.37714647568196,-34.63657525428238,SD,SD
1,2016-04-19,09:00:00,AVENIDA,"GORDILLO, TIMOTEO",SI,"GORDILLO, TIMOTEO y FERNANDEZ DE LA CRUZ, F., GRAL. AV.",8,-58.47305463,-34.68550712,PEATON,PASAJEROS
1,2016-04-20,04:00:00,AVENIDA,"ALCORTA, AMANCIO AV.",SI,"ALCORTA, AMANCIO AV. y BONAVENA, OSCAR NATALIO",4,-58.40623949,-34.65076549,MOTO,CARGAS
1,2016-04-22,09:00:00,AVENIDA,TRIUNVIRATO AV.,SI,TRIUNVIRATO AV. y OLAZABAL AV.,12,-58.4842918,-34.57558053,PEATON,PASAJEROS
1,2016-04-23,21:00:00,AUTOPISTA,AUTOPISTA DELLEPIANE LUIS TTE. GRAL.,SI,"AUTOPISTA DELLEPIANE LUIS TTE. GRAL. y PAZ, GRAL. AV.",8,-58.48695354,-34.68795245,MOTO,MOTO
1,2016-04-25,20:00:00,AVENIDA,"CASTILLA, RAMON, MARISCAL",SI,"CASTILLA, RAMON, MARISCAL y FIGUEROA ALCORTA, PRES. AV.",14,-58.40021959,-34.57964781,PEATON,CARGAS
1,2016-04-26,04:00:00,AVENIDA,"CAMPOS, LUIS M. AV.",NO,"CAMPOS, LUIS M. AV. 30",14,-58.42957885,-34.57660058,MOTO,OBJETO FIJO
1,2016-05-04,14:00:00,CALLE,LIMA,NO,LIMA 1471,1,-58.38247542,-34.62556293,PEATON,MOTO
1,2016-05-08,16:00:00,CALLE,CIUDADELA,SI,CIUDADELA y LIMA,1,-58.38222219,-34.62728101,PEATON,PASAJEROS
1,2016-05-14,18:00:00,AVENIDA,"JUSTO, JUAN B. AV.",SI,"JUSTO, JUAN B. AV. y CARRASCO AV.",10,-58.49485242,-34.62953445,PEATON,PASAJEROS
1,2016-05-20,14:00:00,AVENIDA,GAONA AV.,SI,GAONA AV. y ESPINOSA,6,-58.45227946,-34.61068024,PEATON,AUTO
1,2016-05-21,17:00:00,AVENIDA,"DE LA TORRE, LISANDRO",SI,"DE LA TORRE, LISANDRO y SARAZA",8,-58.48455411,-34.6751276,MOTO,PASAJEROS
1,2016-05-22,22:00:00,AVENIDA,"FIGUEROA ALCORTA, PRES. AV.",SI,"FIGUEROA ALCORTA, PRES. AV. y PUEYRREDON AV.",2,-58.39056593,-34.58418569,MOTO,PASAJEROS
1,2016-05-23,03:00:00,AVENIDA,ENTRE RIOS AV.,SI,ENTRE RIOS AV. y FILIBERTO,3,-58.39118948,-34.62704273,AUTO,CARGAS
1,2016-06-11,15:00:00,CALLE,"MAGARI?OS CERVANTES, A.",NO,"MAGARIÃ‘OS CERVANTES, A. 3900",10,-58.49021952,-34.62025108,MOTO,CARGAS
1,2016-06-12,06:00:00,GRAL PAZ,"PAZ, GRAL. AV.",SI,"PAZ, GRAL. AV. y SCAPINO, RODOLFO",8,-58.49896559,-34.67732118,AUTO,AUTO
1,2016-06-12,23:00:00,AUTOPISTA,AUTOPISTA DELLEPIANE LUIS TTE. GRAL.,SI,AUTOPISTA DELLEPIANE LUIS TTE. GRAL. y MIRALLA,8,-58.47461076,-34.66874679,PEATON,AUTO
1,2016-06-13,16:00:00,AVENIDA,SAN MARTIN AV.,SI,SAN MARTIN AV. y CAMARONES,15,-58.46210891,-34.60356211,PEATON,PASAJEROS
1,2016-06-13,21:00:00,AVENIDA,"PERON, JUAN DOMINGO, TTE. GENERAL",SI,"PERON, JUAN DOMINGO, TTE. GENERAL y ALEM, LEANDRO N. AV.",1,-58.3702777,-34.60536123,PEATON,PASAJEROS
1,2016-06-13,23:00:00,AVENIDA,BELGRANO AV.,SI,BELGRANO AV. y JUJUY AV.,3,-58.40491455,-34.6146383,MOTO,MOTO
1,2016-06-16,17:00:00,AVENIDA,DEL LIBERTADOR AV.,SI,"DEL LIBERTADOR AV. y UDAONDO, GUILLERMO AV.",13,-58.45504154,-34.54864492,AUTO,AUTO
1,2016-06-18,06:00:00,GRAL PAZ,"PAZ, GRAL. AV.",SI,"PAZ, GRAL. AV. y RIVADAVIA AV.",9,-58.52927982,-34.63931752,AUTO,SD
1,2016-06-22,07:00:00,AVENIDA,"LARRALDE, CRISOLOGO AV.",SI,"LARRALDE, CRISOLOGO AV. y MACHAIN",12,-58.4872106,-34.55904606,MOTO,AUTO
1,2016-06-27,18:00:00,AVENIDA,LA PLATA AV.,NO,LA PLATA AV. 2384,4,-58.42273092,-34.64228803,PEATON,AUTO
1,2016-06-28,20:00:00,AVENIDA,"ALBERDI, JUAN BAUTISTA AV.",SI,"ALBERDI, JUAN BAUTISTA AV. y PUAN",6,-58.44788671,-34.62539009,PEATON,MOTO
1,2016-06-29,22:00:00,CALLE,"PELLEGRINI, CARLOS",SI,"PELLEGRINI, CARLOS y TUCUMAN",1,-58.38110563,-34.60135531,PEATON,PASAJEROS
1,2016-06-29,22:00:00,AVENIDA,"RABANAL, FRANCISCO, INTENDENTE AV.",SI,"RABANAL, FRANCISCO, INTENDENTE AV. y EREZCANO",4,-58.42378834,-34.657341,MOTO,OTRO
1,2016-06-30,16:00:00,AVENIDA,OLIVERA AV.,SI,"OLIVERA AV. y FALCON, RAMON L.,CNEL.",10,-58.48727942,-34.63652467,PEATON,PASAJEROS
1,2016-07-02,00:00:00,AUTOPISTA,AUTOPISTA 1 SUR PRESIDENTE ARTURO FRONDIZI,NO,AUTOPISTA 1 SUR PRESIDENTE ARTURO FRONDIZI y CASEROS AV.,1,-58.37864583,-34.62907067,MOTO,OBJETO FIJO
1,2016-07-11,15:00:00,CALLE,CERETTI,SI,CERETTI y NUÃ‘EZ,12,-58.5015175,-34.56767549,PEATON,AUTO
1,2016-07-14,06:00:00,AUTOPISTA,"LUGONES, LEOPOLDO AV.",SI,"LUGONES, LEOPOLDO AV. y LA PAMPA",13,-58.43233425,-34.55185825,PEATON,AUTO
1,2016-07-14,22:00:00,AVENIDA,"SALGUERO, JERONIMO",SI,"SALGUERO, JERONIMO y RIVADAVIA AV.",5,-58.41971993,-34.6111224,PEATON,PASAJEROS
1,2016-07-15,11:00:00,GRAL PAZ,"PAZ, GRAL. AV.",SI,"PAZ, GRAL. AV. y DEL LIBERTADOR AV.",13,-58.46743471,-34.53476874,MOTO,CARGAS
1,2016-07-17,03:00:00,AVENIDA,"ALBERDI, JUAN BAUTISTA AV.",SI,"ALBERDI, JUAN BAUTISTA AV. y MITRE, EMILIO",6,-58.44362126,-34.62301748,AUTO,AUTO
1,2016-07-23,06:00:00,AVENIDA,MERCEDES,SI,MERCEDES y MOSCONI GENERAL AV.,11,-58.51713095,-34.59546519,MOTO,AUTO
1,2016-07-25,07:00:00,AUTOPISTA,AUTOPISTA DELLEPIANE LUIS TTE. GRAL.,NO,AUTOPISTA DELLEPIANE LUIS TTE. GRAL.,8,-58.47433193007387,-34.66684950051973,MOTO,CARGAS
1,2016-07-26,18:00:00,CALLE,SOLIS,SI,SOLIS y MEXICO,1,-58.39038605,-34.6156281,PEATON,AUTO
1,2016-07-27,16:00:00,AVENIDA,SAN JUAN AV.,SI,SAN JUAN AV. y ALBERTI,3,-58.40042405,-34.62356174,MOTO,CARGAS
1,2016-07-29,16:00:00,GRAL PAZ,MOSCONI GENERAL AV.,SI,"MOSCONI GENERAL AV. y PAZ, GRAL. AV.",11,-58.52340614,-34.59798754,CARGAS,CARGAS
1,2016-08-03,23:00:00,GRAL PAZ,"PAZ, GRAL. AV.",SI,"PAZ, GRAL. AV. y DONADO",12,-58.49491054,-34.54795581,MOTO,OBJETO FIJO
1,2016-08-07,19:00:00,GRAL PAZ,"PAZ, GRAL. AV.",SI,"PAZ, GRAL. AV. y CHAVEZ, JORGE",9,-58.52932872,-34.65014993,SD,SD
1,2016-08-10,23:00:00,AVENIDA,"PERON, EVA AV.",SI,"PERON, EVA AV. y SUAREZ, JOSE LEON",9,-58.50011639,-34.67316502,MOTO,CARGAS
1,2016-08-14,21:00:00,AVENIDA,ZINNY,SI,ZINNY y SANTIAGO DE COMPOSTELA AV.,9,-58.46635001,-34.65624369,MOTO,PASAJEROS
1,2016-08-17,00:00:00,AVENIDA,"LACROZE, FEDERICO AV.",SI,"LACROZE, FEDERICO AV. y FRAGA",15,-58.45343236,-34.58435809,PEATON,PASAJEROS
1,2016-08-19,21:00:00,AVENIDA,"PELLEGRINI, CARLOS",SI,"PELLEGRINI, CARLOS y DEL LIBERTADOR AV.",1,-58.38090932,-34.58927731,PEATON,PASAJEROS
1,2016-08-20,08:00:00,AUTOPISTA,AUTOPISTA 1 SUR PRESIDENTE ARTURO FRONDIZI,NO,AUTOPISTA 1 SUR PRESIDENTE ARTURO FRONDIZI y DON PEDRO DE MENDOZA AV.,4,-58.37157668,-34.65429986,MOTO,AUTO
1,2016-08-24,05:00:00,AUTOPISTA,AUTOPISTA PERITO MORENO,SI,AUTOPISTA PERITO MORENO y BARRAGAN,9,-58.52280139,-34.63659934,AUTO,OBJETO FIJO
1,2016-08-24,20:00:00,AVENIDA,"ALBERDI, JUAN BAUTISTA AV.",SI,"ALBERDI, JUAN BAUTISTA AV. y CARHUE",9,-58.51232237,-34.6590353,PEATON,SD
1,2016-08-25,09:00:00,AUTOPISTA,LUGONES,SI,LUGONES y LA PAMPA,15,-58.47461905,-34.57663634,MOTO,CARGAS
1,2016-08-27,04:00:00,AUTOPISTA,AUTOPISTA 25 DE MAYO,SI,AUTOPISTA 25 DE MAYO y AUTOPISTA 1 SUR PRESIDENTE ARTURO FRONDIZI,1,-58.38268809,-34.62282019,MOTO,OBJETO FIJO
1,2016-08-27,16:00:00,AVENIDA,"ALBERDI, JUAN BAUTISTA AV.",SI,"ALBERDI, JUAN BAUTISTA AV. y GUARDIA NACIONAL",9,-58.49603546,-34.64564271,PEATON,PASAJEROS
1,2016-08-31,11:00:00,CALLE,"SALGUERO, JERONIMO",NO,"SALGUERO, JERONIMO 1410",14,-58.41848605,-34.59394733,BICICLETA,CARGAS
1,2016-09-02,11:00:00,CALLE,ARIAS,SI,ARIAS y TRONADOR,12,-58.48935041,-34.54917673,SD,CARGAS
1,2016-09-02,20:00:00,AVENIDA,27 DE FEBRERO AV.,SI,27 DE FEBRERO AV. y ESCALADA AV.,8,-58.44451316,-34.68475866,MOTO,AUTO
1,2016-09-03,15:00:00,AVENIDA,DEL LIBERTADOR AV.,SI,DEL LIBERTADOR AV. y TAGLE,14,-58.39936478,-34.58271474,AUTO,AUTO
1,2016-09-04,03:00:00,AUTOPISTA,AUTOPISTA 1 SUR PRESIDENTE ARTURO FRONDIZI,NO,AUTOPISTA 1 SUR PRESIDENTE ARTURO FRONDIZI KM. 2.9,1,-58.37936704,-34.62694503,AUTO,AUTO
1,2016-09-04,06:00:00,AVENIDA,"LARRALDE, CRISOLOGO AV.",SI,"LARRALDE, CRISOLOGO AV. y TRIUNVIRATO AV.",12,-58.49659234,-34.56353635,SD,SD
1,2016-09-13,07:00:00,AVENIDA,"PERON, EVA AV.",NO,"PERON, EVA AV. 4233",9,-58.47256391,-34.65194557,BICICLETA,PASAJEROS
1,2016-09-14,09:00:00,AVENIDA,ASAMBLEA AV.,SI,"ASAMBLEA AV. y BONORINO, ESTEBAN, CNEL. AV.",7,-58.45130953,-34.64053676,MOTO,AUTO
1,2016-09-16,15:00:00,AVENIDA,RIVADAVIA AV.,SI,RIVADAVIA AV. y RIVERA INDARTE AV.,7,-58.46271207,-34.62884871,PEATON,PASAJEROS
1,2016-09-17,12:00:00,AUTOPISTA,AUTOPISTA PERITO MORENO,SI,"AUTOPISTA PERITO MORENO y ALBERDI, JUAN BAUTISTA AV.",10,-58.49020869,-34.64243791,MOTO,MOTO
2,2016-09-18,22:00:00,CALLE,IRIGOYEN,SI,IRIGOYEN y TINOGASTA,10,-58.52572109,-34.62125906,AUTO,CARGAS
1,2016-09-24,10:00:00,AVENIDA,"ACOSTA, MARIANO",SI,"ACOSTA, MARIANO y ROCA, CNEL. AV.",8,-58.44094791,-34.66677111,PEATON,PASAJEROS
1,2016-10-02,11:00:00,AVENIDA,CASTRO,SI,CASTRO y PAVON AV.,5,-58.41914024,-34.6305389,PEATON,PASAJEROS
1,2016-10-04,12:00:00,AUTOPISTA,AUTOPISTA 1 SUR PRESIDENTE ARTURO FRONDIZI,NO,AUTOPISTA 1 SUR PRESIDENTE ARTURO FRONDIZI y BRASIL,1,-58.37910942,-34.62764717,MOTO,CARGAS
1,2016-10-09,19:00:00,CALLE,MIRAVE,NO,MIRAVE 3500,4,-58.39871183,-34.64539318,PEATON,AUTO
1,2016-10-10,02:00:00,AVENIDA,SAN JUAN AV.,SI,SAN JUAN AV. y 24 DE NOVIEMBRE,3,-58.41036975,-34.62477021,AUTO,PASAJEROS
1,2016-10-14,00:00:00,AVENIDA,LAS HERAS GENERAL AV.,SI,LAS HERAS GENERAL AV. y SANCHEZ DE BUSTAMANTE,14,-58.40204698,-34.5834269,MOTO,AUTO
1,2016-10-23,05:00:00,AVENIDA,PIEDRA BUENA AV.,SI,PIEDRA BUENA AV. y 2 DE ABRIL DE 1982,8,-58.48935287,-34.67648597,MOTO,OBJETO FIJO
1,2016-10-24,05:00:00,AVENIDA,"FIGUEROA ALCORTA, PRES. AV.",SI,"FIGUEROA ALCORTA, PRES. AV. y PINEDO, INT.",14,-58.42260225,-34.56403694,PEATON,SD
1,2016-10-25,00:00:00,AVENIDA,SAN MARTIN AV.,SI,SAN MARTIN AV. y LADINES,11,-58.51537091,-34.59035925,MOTO,MOTO
1,2016-10-27,20:00:00,AVENIDA,CABILDO AV.,SI,CABILDO AV. y BLANCO ENCALADA,13,-58.4590967,-34.55922742,BICICLETA,CARGAS
1,2016-10-28,23:00:00,AVENIDA,"FIGUEROA ALCORTA, PRES. AV.",SI,"FIGUEROA ALCORTA, PRES. AV. y DORREGO AV.",14,-58.42008769,-34.56539579,MOTO,MOTO
1,2016-10-31,02:00:00,AVENIDA,JURAMENTO AV.,SI,JURAMENTO AV. y VUELTA DE OBLIGADO,13,-58.45566399,-34.56147293,PASAJEROS,PASAJEROS
1,2016-11-05,23:00:00,AVENIDA,DEL LIBERTADOR AV.,SI,"DEL LIBERTADOR AV. y RAMOS MEJIA, JOSE MARIA, DR. AV.",1,-58.37533517,-34.59276462,MOTO,PASAJEROS
1,2016-11-06,04:00:00,AVENIDA,27 DE FEBRERO AV.,SI,27 DE FEBRERO AV. y ESCALADA AV.,8,-58.44451316,-34.68475866,MOTO,SD
1,2016-11-07,12:00:00,AVENIDA,"BROWN, ALTE. AV.",NO,"BROWN, ALTE. AV. 984",4,-58.35975012,-34.63343907,PEATON,PASAJEROS
1,2016-11-07,20:00:00,AVENIDA,DEL LIBERTADOR AV.,SI,DEL LIBERTADOR AV. y LA PAMPA,13,-58.44523595,-34.55953855,MOTO,AUTO
1,2016-11-09,20:00:00,AVENIDA,PICHINCHA AV.,SI,PICHINCHA AV. y BRASIL,4,-58.39626094,-34.63036565,PEATON,PASAJEROS
1,2016-11-16,21:00:00,AVENIDA,INDEPENDENCIA AV.,SI,"INDEPENDENCIA AV. y CEVALLOS, VIRREY",1,-58.38896772,-34.61799615,MOVIL,PASAJEROS
1,2016-11-16,22:00:00,AVENIDA,GARMENDIA AV.,NO,GARMENDIA AV. 4895,15,-58.46536113,-34.59484504,MOTO,MOTO
1,2016-11-18,18:00:00,AVENIDA,"ALCORTA, AMANCIO AV.",SI,"ALCORTA, AMANCIO AV. y TABORDA, DIOGENES",4,-58.40879146,-34.65273216,CARGAS,CARGAS
1,2016-11-23,21:00:00,AVENIDA,"MORENO, PERITO AV.",SI,"MORENO, PERITO AV. y ZUVIRIA",7,-58.46451841,-34.64991946,MOTO,AUTO
1,2016-11-25,15:00:00,AVENIDA,ARAOZ,SI,ARAOZ y CORDOBA AV.,15,-58.4291709,-34.59485488,PEATON,MOTO
1,2016-11-26,14:00:00,GRAL PAZ,"PAZ, GRAL. AV.",NO,"PAZ, GRAL. AV. 15200",8,-58.49007772,-34.68251141,MOTO,MOTO
1,2016-11-26,16:00:00,CALLE,MADERO,NO,MADERO 900,10,-58.52756365,-34.62772274,PEATON,AUTO
1,2016-11-26,19:00:00,AVENIDA,INDEPENDENCIA AV.,SI,INDEPENDENCIA AV. y DEAN FUNES,3,-58.40638983,-34.61943202,MOTO,PASAJEROS
1,2016-12-03,06:00:00,AVENIDA,"JUSTO, JUAN B. AV.",NO,"JUSTO, JUAN B. AV. 5645",11,-58.47576807,-34.61740997,MOTO,MOTO
1,2016-12-04,07:00:00,AVENIDA,27 DE FEBRERO AV.,SI,27 DE FEBRERO AV. y ESCALADA AV.,8,-58.44451316,-34.68475866,AUTO,SD
1,2016-12-06,05:00:00,AUTOPISTA,AUTOPISTA PERITO MORENO,NO,AUTOPISTA PERITO MORENO (ALTURA VELEZ SARSFIELD),9,-58.51927194,-34.63635787,CARGAS,OBJETO FIJO
1,2016-12-06,07:00:00,AVENIDA,SANTA FE AV.,SI,SANTA FE AV. y GODOY CRUZ,14,-58.42525456,-34.57866344,PEATON,PASAJEROS
1,2016-12-07,05:00:00,AVENIDA,"LACROZE, FEDERICO AV.",SI,"LACROZE, FEDERICO AV. y FOREST AV.",15,-58.45396573,-34.58518167,PEATON,AUTO
1,2016-12-10,07:00:00,GRAL PAZ,"PAZ, GRAL. AV.",SI,"PAZ, GRAL. AV. y MOSCONI GENERAL AV.",11,-58.52340614,-34.59798754,MOTO,AUTO
1,2016-12-11,06:00:00,AVENIDA,LA PLATA AV.,SI,"LA PLATA AV. y POMAR, GREGORIO TTE. CNEL.",4,-58.42323628,-34.64119105,AUTO,AUTO
1,2016-12-12,08:00:00,AVENIDA,"GARCIA, MARTIN AV.",NO,"GARCIA, MARTIN AV. 300",4,-58.36926144,-34.62841919,BICICLETA,PASAJEROS
1,2016-12-13,10:00:00,AVENIDA,LA PLATA AV.,SI,"LA PLATA AV. y POMAR, GREGORIO TTE. CNEL.",4,-58.42323628,-34.64119105,MOTO,AUTO
1,2016-12-15,15:00:00,AVENIDA,NU?EZ,SI,"NUÃ‘EZ y BALBIN, RICARDO, DR. AV.",12,-58.47935434,-34.55676497,MOTO,PASAJEROS
1,2016-12-19,17:00:00,GRAL PAZ,"PAZ, GRAL. AV.",NO,"PAZ, GRAL. AV. 4500",12,-58.50598256,-34.5637998,MOTO,AUTO
1,2016-12-25,19:00:00,AUTOPISTA,"HUERGO, ING. AV.",SI,"HUERGO, ING. AV. y AUTOPISTA 25 DE MAYO",1,-58.36607137,-34.62150748,MOTO,MOTO
1,2016-12-26,08:00:00,AVENIDA,"GARAY, JUAN DE AV.",SI,"GARAY, JUAN DE AV. y CASTRO",5,-58.41918902,-34.63174259,MOTO,CARGAS
1,2016-12-26,19:00:00,AVENIDA,DIRECTORIO AV.,SI,DIRECTORIO AV. y SAN PEDRITO AV.,7,-58.46749188,-34.63551751,MOTO,CARGAS
1,2016-12-27,08:00:00,CALLE,"FALCON, RAMON L.,CNEL.",SI,"FALCON, RAMON L.,CNEL. y MEMBRILLAR",7,-58.46064174,-34.62960517,PEATON,BICICLETA
1,2016-12-28,01:00:00,AVENIDA,BELGRANO AV.,SI,BELGRANO AV. y PASEO COLON AV.,1,-58.36956186,-34.61232875,MOTO,PASAJEROS
1,2016-12-29,04:00:00,CALLE,ARENALES,NO,ARENALES 3319,14,-58.40966671,-34.58788235,PEATON,AUTO
1,2016-12-30,16:00:00,CALLE,REPUBLICA BOLIVARIANA DE VENEZUELA,SI,REPUBLICA BOLIVARIANA DE VENEZUELA y SAAVEDRA,3,-58.40288226,-34.61544091,PEATON,MULTIPLE
1,2017-01-02,01:00:00,AVENIDA,"JUSTO, JUAN B. AV.",SI,"JUSTO, JUAN B. AV. y ACHUPALLAS",11,-58.4659423,-34.61028571,MOTO,CARGAS
1,2017-01-05,03:00:00,AVENIDA,OLAVARRIA,SI,OLAVARRIA y VELEZ SARSFIELD AV.,4,-58.38957669,-34.64410277,CARGAS,CARGAS
1,2017-01-11,17:00:00,CALLE,LIMA,SI,LIMA y MEXICO,1,-58.3816166,-34.61529543,PEATON,MULTIPLE
1,2017-01-16,00:00:00,CALLE,"CABRERA, JOSE A.",SI,"CABRERA, JOSE A. y BONPLAND",14,-58.43917004,-34.58494351,MOTO,PASAJEROS
1,2017-01-16,13:00:00,AUTOPISTA,AUTOPISTA 25 DE MAYO,NO,AUTOPISTA 25 DE MAYO y BOEDO AV.,5,-58.41595919,-34.62743346,MOTO,CARGAS
1,2017-01-16,16:00:00,AVENIDA,DIRECTORIO AV.,SI,DIRECTORIO AV. y RIGLOS,6,-58.4356488,-34.62828656,MOTO,AUTO
1,2017-01-22,02:00:00,GRAL PAZ,"PAZ, GRAL. AV.",SI,"PAZ, GRAL. AV. y BALBIN, RICARDO, DR. AV.",12,-58.5007381,-34.5497951,MOTO,OBJETO FIJO
1,2017-01-24,14:00:00,CALLE,TRAFUL,SI,"TRAFUL y TABORDA, DIOGENES",4,-58.40969005,-34.6505529,MOTO,CARGAS
1,2017-01-27,07:00:00,AVENIDA,"IRIARTE, GRAL. AV.",NO,"IRIARTE, GRAL. AV. 3055",4,-58.38972622,-34.65098981,PEATON,CARGAS
1,2017-01-28,08:00:00,AVENIDA,DONADO,SI,DONADO y ARIAS,12,-58.49185972,-34.55046754,MOTO,MULTIPLE
1,2017-02-02,15:00:00,AVENIDA,CORDOBA AV.,SI,CORDOBA AV. y CALLAO AV.,2,-58.39293417,-34.59963642,PEATON,AUTO
1,2017-02-03,05:00:00,AUTOPISTA,AUTOPISTA 25 DE MAYO,NO,AUTOPISTA 25 DE MAYO KM. 8.3,1,-58.38099494,-34.62288231,MOTO,CARGAS
1,2017-02-06,08:00:00,AVENIDA,"JUSTO, JUAN B. AV.",SI,"JUSTO, JUAN B. AV. y PARAGUAY",14,-58.429012,-34.58095431,MOTO,AUTO
1,2017-02-09,07:00:00,GRAL PAZ,"PAZ, GRAL. AV.",SI,"PAZ, GRAL. AV. y DE LOS CORRALES AV.",9,-58.50877521,-34.66977709,MOTO,AUTO
1,2017-02-18,05:00:00,CALLE,SARMIENTO,SI,SARMIENTO y LIBERTAD,1,-58.38362373,-34.60509972,MOTO,PASAJEROS
1,2017-02-23,20:00:00,AVENIDA,RIVADAVIA AV.,NO,RIVADAVIA AV. 7121,7,-58.46589308,-34.62955795,PEATON,PASAJEROS
1,2017-02-24,17:00:00,AVENIDA,"FERNANDEZ DE LA CRUZ, F., GRAL. AV.",SI,"FERNANDEZ DE LA CRUZ, F., GRAL. AV. y RIVERA INDARTE AV.",7,-58.43614426,-34.6542464,MOTO,SD
2,2017-02-26,05:00:00,AVENIDA,"MORENO, PERITO AV.",SI,"MORENO, PERITO AV. y FOURNIER",4,-58.41842777,-34.64979057,AUTO,OBJETO FIJO
1,2017-02-26,21:00:00,AVENIDA,CASEROS AV.,NO,CASEROS AV. 1429,1,-58.38332245,-34.6319325,PEATON,AUTO
1,2017-02-28,09:00:00,AVENIDA,GAONA AV.,SI,GAONA AV. y FRAGATA PRES. SARMIENTO,6,-58.45475488,-34.61196327,PEATON,AUTO
1,2017-03-07,02:00:00,CALLE,MOZART,SI,MOZART y TANDIL,9,-58.48501341,-34.64742455,SD,AUTO
1,2017-03-07,08:00:00,AVENIDA,MOZART,SI,MOZART y AUTOPISTA DELLEPIANE LUIS TTE. GRAL.,9,-58.47010988,-34.65872088,AUTO,PASAJEROS
1,2017-03-11,01:00:00,CALLE,24 DE NOVIEMBRE,SI,24 DE NOVIEMBRE y PAVON,3,-58.4099756,-34.62873635,AUTO,OBJETO FIJO
1,2017-03-12,05:00:00,GRAL PAZ,"PAZ, GRAL. AV.",SI,"PAZ, GRAL. AV. y LOS CEDROS",8,-58.48892175,-34.68359163,AUTO,AUTO
1,2017-03-12,07:00:00,GRAL PAZ,"PAZ, GRAL. AV.",SI,"PAZ, GRAL. AV. y GUTIERREZ, RICARDO",11,-58.52466448,-34.60325478,AUTO,AUTO
1,2017-03-13,07:00:00,CALLE,GODOY CRUZ,NO,GODOY CRUZ 2651,14,-58.42554218,-34.57929036,PEATON,AUTO
3,2017-03-23,05:00:00,AVENIDA,"ACHAVAL RODRIGUEZ, T., DR. AV.",SI,"ACHAVAL RODRIGUEZ, T., DR. AV. y VILLAFLOR, AZUCENA",1,-58.35881506,-34.61113641,AUTO,OBJETO FIJO
2,2017-03-29,18:00:00,GRAL PAZ,"PAZ, GRAL. AV.",SI,"PAZ, GRAL. AV. y CAMPANA",12,-58.51452347,-34.58159762,MOTO,PASAJEROS
1,2017-03-31,03:00:00,AVENIDA,INDEPENDENCIA AV.,SI,"INDEPENDENCIA AV. y CEVALLOS, VIRREY",1,-58.38896772,-34.61799615,MOTO,CARGAS
1,2017-04-01,19:00:00,AVENIDA,CASTA?ARES AV.,SI,CASTAÃ‘ARES AV. y LAUTARO,7,-58.44516857,-34.64363363,MOTO,AUTO
1,2017-04-03,09:00:00,AVENIDA,"GUIRALDES, INT.",NO,"GUIRALDES, INT. 2699",13,-58.43834197,-34.54560369,AUTO,MULTIPLE
1,2017-04-03,23:00:00,CALLE,"FERNANDEZ MORENO, BALDOMERO",NO,"FERNANDEZ MORENO, BALDOMERO 2186",7,-58.45485084,-34.63531854,MOTO,AUTO
1,2017-04-14,06:00:00,CALLE,NOGOYA,NO,NOGOYA 5940,10,-58.52449285,-34.62454175,MOTO,OBJETO FIJO
1,2017-04-23,06:00:00,AVENIDA,ARGENTINA AV.,SI,ARGENTINA AV. y CORVALAN,8,-58.46713742,-34.6719879,MOTO,AUTO
1,2017-04-27,18:00:00,AVENIDA,"FERNANDEZ DE LA CRUZ, F., GRAL. AV.",SI,"FERNANDEZ DE LA CRUZ, F., GRAL. AV. y VARELA AV.",8,-58.43850413,-34.65554754,PEATON,PASAJEROS
1,2017-05-05,03:00:00,GRAL PAZ,"PAZ, GRAL. AV.",SI,"PAZ, GRAL. AV. y GOLETA SANTA CRUZ",8,-58.49413799,-34.68095739,PEATON,CARGAS
1,2017-05-05,20:00:00,CALLE,VIEYTES,SI,VIEYTES y VILLARINO,4,-58.37547846,-34.65326075,MOTO,CARGAS
1,2017-05-07,21:00:00,AVENIDA,DE LOS CONSTITUYENTES AV.,SI,"DE LOS CONSTITUYENTES AV. y MORAN, PEDRO",15,-58.48680218,-34.58689719,MOTO,AUTO
1,2017-05-09,08:00:00,AVENIDA,DE LOS CONSTITUYENTES AV.,NO,DE LOS CONSTITUYENTES AV. 4900,12,-58.49563989,-34.57962262,AUTO,AUTO
1,2017-05-09,23:00:00,AVENIDA,CORDOBA AV.,SI,CORDOBA AV. y LIBERTAD,1,-58.38403232,-34.5991594,PEATON,MOTO
1,2017-05-11,09:00:00,CALLE,BRASIL,SI,BRASIL y LIMA,1,-58.38223382,-34.62693865,PEATON,PASAJEROS
1,2017-05-13,07:00:00,AVENIDA,ESCALADA AV.,SI,"ESCALADA AV. y FERNANDEZ DE LA CRUZ, F., GRAL. AV.",8,-58.45966521,-34.67323292,MOTO,OBJETO FIJO
1,2017-05-15,13:00:00,AVENIDA,PARAGUAY,SI,PARAGUAY y CALLAO AV.,2,-58.39303911,-34.59871111,PEATON,MOTO
1,2017-05-15,16:00:00,AVENIDA,"JUSTO, JUAN B. AV.",SI,"JUSTO, JUAN B. AV. y SAN BLAS",10,-58.51262106,-34.63395999,MOTO,CARGAS
1,2017-05-17,10:00:00,AVENIDA,CHILE,SI,CHILE y 9 DE JULIO AV.,1,-58.38118367,-34.61646839,PEATON,PASAJEROS
1,2017-05-20,05:00:00,CALLE,MAIPU,SI,"MAIPU y PERON, JUAN DOMINGO, TTE. GENERAL",1,-58.37653284,-34.60582475,CARGAS,AUTO
1,2017-05-22,16:00:00,AVENIDA,SUAREZ AV.,SI,SUAREZ AV. y HERRERA,4,-58.37709334,-34.64035082,BICICLETA,CARGAS
1,2017-05-22,18:00:00,AVENIDA,SAN MARTIN AV.,SI,SAN MARTIN AV. y FRAGATA PRES. SARMIENTO,15,-58.46002142,-34.60409469,PEATON,PASAJEROS
1,2017-05-23,02:00:00,AVENIDA,DIRECTORIO AV.,SI,"DIRECTORIO AV. y MORENO, JOSE MARIA AV.",6,-58.4338197,-34.62801894,MOTO,CARGAS
1,2017-05-27,19:00:00,AVENIDA,"RABANAL, FRANCISCO, INTENDENTE AV.",NO,"RABANAL, FRANCISCO, INTENDENTE AV. 2950",8,-58.43580656,-34.66437532,MOTO,OBJETO FIJO
1,2017-05-24,14:00:00,GRAL PAZ,"PAZ, GRAL. AV.",SI,"PAZ, GRAL. AV. y SCHMIDL, ULRICO",9,-58.52173071,-34.65997463,MOTO,SD
1,2017-05-30,13:00:00,CALLE,NUEVA YORK,NO,NUEVA YORK 3696,11,-58.50791763,-34.59804273,PEATON,AUTO
1,2017-06-03,23:00:00,AVENIDA,DE LOS CONSTITUYENTES AV.,SI,DE LOS CONSTITUYENTES AV. y VALLEJOS,12,-58.49175088,-34.58226957,AUTO,AUTO
1,2017-06-04,09:00:00,AVENIDA,CORRIENTES AV.,SI,CORRIENTES AV. y ECUADOR,3,-58.40781467,-34.60425669,MOTO,AUTO
1,2017-06-04,12:00:00,CALLE,CASCO,NO,CASCO 133,9,-58.52567073,-34.63787791,SD,SD
1,2017-06-12,22:00:00,AVENIDA,DE MAYO AV.,SI,DE MAYO AV. y 9 DE JULIO AV.,1,-58.381542,-34.60906385,PEATON,MOTO
1,2017-06-13,14:00:00,AVENIDA,"CASTILLO, RAMON S., PRES. AV.",SI,"CASTILLO, RAMON S., PRES. AV. y CALLE 12 (NO OFICIAL)",2,-58.38526125,-34.5780581,PEATON,CARGAS
1,2017-06-17,23:00:00,CALLE,FRAY JUSTO SANTAMARIA DE ORO,NO,FRAY JUSTO SANTAMARIA DE ORO 1930,14,-58.42934104,-34.58451712,MOTO,CARGAS
1,2017-06-19,16:00:00,CALLE,MEXICO,SI,MEXICO y DEAN FUNES,3,-58.40657493,-34.61781124,MOTO,CARGAS
1,2017-06-22,10:00:00,AVENIDA,"ALBERDI, JUAN BAUTISTA AV.",SI,"ALBERDI, JUAN BAUTISTA AV. y ESCALADA AV.",9,-58.49525314,-34.64487785,PEATON,CARGAS
1,2017-06-25,22:00:00,AVENIDA,ENTRE RIOS AV.,SI,ENTRE RIOS AV. y BRASIL,4,-58.39092851,-34.62932696,PEATON,AUTO
1,2017-07-04,00:00:00,AVENIDA,"ALBERDI, JUAN BAUTISTA AV.",SI,"ALBERDI, JUAN BAUTISTA AV. y GUARDIA NACIONAL",9,-58.49603546,-34.64564271,MOTO,CARGAS
1,2017-07-05,12:00:00,AVENIDA,DEL LIBERTADOR AV.,SI,DEL LIBERTADOR AV. y RODRIGUEZ PEÃ‘A,2,-58.38502878,-34.58703485,PEATON,PASAJEROS
1,2017-07-07,14:00:00,AVENIDA,TACUARI,SI,"TACUARI y GARCIA, MARTIN AV.",4,-58.37261143,-34.63150425,PEATON,PASAJEROS
1,2017-07-09,07:00:00,AVENIDA,RIVADAVIA AV.,SI,RIVADAVIA AV. y MURGUIONDO,9,-58.51876802,-34.63905965,PEATON,MOTO
1,2017-07-10,10:00:00,CALLE,24 DE NOVIEMBRE,NO,24 DE NOVIEMBRE 390,3,-58.41095567,-34.61516101,PEATON,AUTO
1,2017-07-10,22:00:00,AVENIDA,PASEO COLON AV.,SI,PASEO COLON AV. y BRASIL AV.,1,-58.36797542,-34.62519403,PEATON,PASAJEROS
1,2017-07-13,12:00:00,CALLE,"LEGUIZAMON, MARTINIANO",NO,"LEGUIZAMON, MARTINIANO 901",9,-58.51514709,-34.64787051,SD,AUTO
1,2017-07-15,05:00:00,GRAL PAZ,CHIVILCOY AV.,SI,"CHIVILCOY AV. y PAZ, GRAL. AV.",11,-58.51925642,-34.59171721,PEATON,AUTO
1,2017-07-15,13:00:00,GRAL PAZ,SUPERI,SI,"SUPERI y PAZ, GRAL. AV.",12,-58.48671535,-34.54321216,MOTO,SD
1,2017-07-24,22:00:00,AUTOPISTA,AUTOPISTA 25 DE MAYO,SI,AUTOPISTA 25 DE MAYO y AUTOPISTA 1 SUR PRESIDENTE ARTURO FRONDIZI,1,-58.38268809,-34.62282019,PEATON,AUTO
1,2017-07-25,16:00:00,AUTOPISTA,"LUGONES, LEOPOLDO AV.",SI,"LUGONES, LEOPOLDO AV. y PUENTE DISTRIBUIDOR SCALABRINI ORTIZ",13,-58.43633522,-34.54966288,PEATON,AUTO
1,2017-07-27,08:00:00,CALLE,"HUGO, VICTOR",NO,"HUGO, VICTOR 2639",10,-58.52640838,-34.61765855,BICICLETA,CARGAS
1,2017-08-06,08:00:00,AVENIDA,CORDOBA AV.,SI,"CORDOBA AV. y SALGUERO, JERONIMO",14,-58.41894306,-34.59778875,MOTO,AUTO
1,2017-08-07,19:00:00,AVENIDA,CABILDO AV.,SI,CABILDO AV. y NUÃ‘EZ,13,-58.46756026,-34.54972741,PEATON,PASAJEROS
1,2017-08-08,12:00:00,CALLE,"BONIFACIO, JOSE",NO,"BONIFACIO, JOSE 2114",7,-58.45715752,-34.63132912,PEATON,AUTO
1,2017-08-17,19:00:00,AVENIDA,"FIGUEROA ALCORTA, PRES. AV.",NO,"FIGUEROA ALCORTA, PRES. AV. 5400",14,-58.42406784,-34.56213916,BICICLETA,AUTO
1,2017-08-21,07:00:00,CALLE,REPUBLICA BOLIVARIANA DE VENEZUELA,NO,REPUBLICA BOLIVARIANA DE VENEZUELA 2135,3,-58.3967447,-34.61512051,MOTO,OBJETO FIJO
1,2017-08-23,10:00:00,AVENIDA,"LACROZE, FEDERICO AV.",SI,"LACROZE, FEDERICO AV. y ZAPATA",13,-58.44537508,-34.57084818,PEATON,MULTIPLE
1,2017-08-24,01:00:00,AVENIDA,"IRIARTE, GRAL. AV.",SI,"IRIARTE, GRAL. AV. y ZAVALETA",4,-58.40056767,-34.6510708,PEATON,CARGAS
1,2017-08-25,09:00:00,AVENIDA,9 DE JULIO AV.,SI,9 DE JULIO AV. y ESTADOS UNIDOS,1,-58.38109568,-34.61853244,PEATON,CARGAS
1,2017-08-31,19:00:00,CALLE,FRAY JUSTO SANTAMARIA DE ORO,SI,FRAY JUSTO SANTAMARIA DE ORO y GUEMES,14,-58.42533612,-34.58035258,PEATON,PASAJEROS
1,2017-09-01,11:00:00,AVENIDA,DEL LIBERTADOR AV.,SI,DEL LIBERTADOR AV. y JARAMILLO,13,-58.46062311,-34.54395182,MOTO,CARGAS
2,2017-09-02,04:00:00,GRAL PAZ,"PAZ, GRAL. AV.",SI,"PAZ, GRAL. AV. y MACHAIN",12,-58.49491054,-34.54795581,OBJETO FIJO,AUTO
1,2017-09-04,21:00:00,AVENIDA,DIRECTORIO AV.,SI,DIRECTORIO AV. y PORTELA,7,-58.47130269,-34.63665402,MOTO,AUTO
1,2017-09-06,14:00:00,AVENIDA,LAVALLE,SI,"LAVALLE y ALEM, LEANDRO N. AV.",1,-58.370488,-34.60189492,PEATON,PASAJEROS
1,2017-09-07,18:00:00,CALLE,USPALLATA,SI,USPALLATA y PIROVANO,4,-58.42023854,-34.6423411,PEATON,CARGAS
2,2017-09-10,09:00:00,AUTOPISTA,AUTOPISTA 25 DE MAYO,NO,AUTOPISTA 25 DE MAYO y VARELA AV.,7,-58.45807401,-34.6399743,AUTO,OBJETO FIJO
1,2017-09-11,06:00:00,AVENIDA,SANTA FE AV.,SI,SANTA FE AV. y MAIPU,1,-58.37697717,-34.59573848,PEATON,PASAJEROS
1,2017-09-15,02:00:00,AVENIDA,ALVEAR AV.,SI,ALVEAR AV. y DEL LIBERTADOR AV.,2,-58.3910058,-34.5849866,AUTO,OBJETO FIJO
1,2017-09-19,18:00:00,AVENIDA,PAVON AV.,SI,PAVON AV. y TREINTA Y TRES ORIENTALES,5,-58.42182126,-34.63089661,MOTO,BICICLETA
1,2017-09-20,22:00:00,GRAL PAZ,"PAZ, GRAL. AV.",NO,"PAZ, GRAL. AV. 5750",12,-58.51389422,-34.58075791,MOTO,OBJETO FIJO
1,2017-09-22,07:00:00,AVENIDA,VIEYTES,SI,"VIEYTES y CRUZ, OSVALDO AV.",4,-58.37585415,-34.65232158,MOTO,AUTO
1,2017-10-02,15:00:00,AUTOPISTA,AUTOPISTA DELLEPIANE LUIS TTE. GRAL.,SI,AUTOPISTA DELLEPIANE LUIS TTE. GRAL. y ESCALADA AV.,9,-58.47297505,-34.66245085,MOTO,CARGAS
1,2017-10-10,01:00:00,AVENIDA,ALBARI?O,SI,ALBARIÃ‘O y ARGENTINA AV.,8,-58.46855503,-34.67216349,PEATON,AUTO
1,2017-10-12,14:00:00,CALLE,"RAMIREZ DE VELASCO, JUAN",NO,"RAMIREZ DE VELASCO, JUAN 1211",15,-58.44254033,-34.59185043,MOTO,PASAJEROS
1,2017-10-13,06:00:00,AVENIDA,"FERNANDEZ DE LA CRUZ, F., GRAL. AV.",SI,"FERNANDEZ DE LA CRUZ, F., GRAL. AV. y LARRAYA",8,-58.46622247,-34.67926929,MOTO,OBJETO FIJO
2,2017-10-14,06:00:00,AVENIDA,RIESTRA AV.,SI,RIESTRA AV. y CAÃ‘ADA DE GOMEZ,8,-58.48003734,-34.68148508,AUTO,OBJETO FIJO
1,2017-10-16,07:00:00,AVENIDA,GALLO,SI,GALLO y CORDOBA AV.,2,-58.41192137,-34.59800248,MOTO,MOTO
1,2017-10-17,12:00:00,CALLE,"ARANGUREN, JUAN F., DR.",NO,"ARANGUREN, JUAN F., DR. 611",6,-58.44034689,-34.61349731,PEATON,PASAJEROS
1,2017-10-26,19:00:00,AUTOPISTA,AUTOPISTA PERITO MORENO,SI,AUTOPISTA PERITO MORENO y AUTOPISTA 25 DE MAYO,9,-58.47155277,-34.64925746,MOTO,PASAJEROS
1,2017-10-27,05:00:00,AVENIDA,CHORROARIN,SI,CHORROARIN y SAN MARTIN AV.,15,-58.47883099,-34.59967065,AUTO,CARGAS
1,2017-10-30,14:00:00,AVENIDA,COSQUIN,SI,"COSQUIN y ROCA, CNEL. AV.",8,-58.46552171,-34.6937413,MOTO,PASAJEROS
1,2017-11-06,18:00:00,AVENIDA,"ROCA, CNEL. AV.",NO,"ROCA, CNEL. AV. 3555",8,-58.4423972,-34.66777987,PEATON,PASAJEROS
1,2017-11-07,12:00:00,AVENIDA,WARNES AV.,SI,WARNES AV. y PUNTA ARENAS,15,-58.47032551,-34.59626814,MOTO,CARGAS
1,2017-11-16,08:00:00,AVENIDA,BARCO CENTENERA DEL,SI,"BARCO CENTENERA DEL y RABANAL, FRANCISCO, INTENDENTE AV.",4,-58.41827843,-34.65522746,PEATON,PASAJEROS
1,2017-11-17,11:00:00,AVENIDA,MOSCONI GENERAL AV.,SI,MOSCONI GENERAL AV. y SAN NICOLAS,11,-58.51280715,-34.59279388,PEATON,CARGAS
1,2017-11-19,10:00:00,AVENIDA,LAFUENTE AV.,SI,"LAFUENTE AV. y PERON, EVA AV.",7,-58.46258582,-34.64385704,MOTO,OBJETO FIJO
1,2017-11-19,22:00:00,AVENIDA,"ROCA, CNEL. AV.",SI,"ROCA, CNEL. AV. y ESCALADA AV.",8,-58.45064148,-34.68003614,AUTO,OBJETO FIJO
1,2017-11-23,19:00:00,AVENIDA,LA PLATA AV.,SI,"LA PLATA AV. y GOYENA, PEDRO AV.",6,-58.42717783,-34.62513374,PEATON,PASAJEROS
1,2017-11-25,21:00:00,CALLE,"TRELLES, MANUEL R.",SI,"TRELLES, MANUEL R. y DIAZ, CESAR, GRAL.",11,-58.46442001,-34.60724519,AUTO,PASAJEROS
1,2017-11-26,06:00:00,GRAL PAZ,"ROCA, CNEL. AV.",SI,"ROCA, CNEL. AV. y PAZ, GRAL. AV.",8,-58.47064556,-34.69843756,AUTO,OBJETO FIJO
1,2017-11-26,17:00:00,CALLE,MAZA,SI,MAZA y DON BOSCO,5,-58.41677733,-34.61223119,MOTO,AUTO
1,2017-11-28,11:00:00,GRAL PAZ,"PAZ, GRAL. AV.",SI,"PAZ, GRAL. AV. y PERON, EVA AV.",9,-58.5025179,-34.67450313,MOTO,AUTO
1,2017-11-29,10:00:00,AVENIDA,SAN JUAN AV.,SI,SAN JUAN AV. y LA RIOJA,3,-58.40708125,-34.62438894,PEATON,PASAJEROS
1,2017-11-30,12:00:00,AVENIDA,PASEO COLON AV.,SI,PASEO COLON AV. y MEXICO,1,-58.36947198,-34.61477051,PEATON,PASAJEROS
1,2017-12-04,01:00:00,AVENIDA,RIVADAVIA AV.,SI,RIVADAVIA AV. y MIRALLA,9,-58.51140889,-34.63934531,PEATON,AUTO
1,2017-12-04,02:00:00,CALLE,VIEYTES,SI,VIEYTES y LUJAN,4,-58.37460912,-34.65559133,PEATON,PASAJEROS
1,2017-12-06,17:00:00,CALLE,CACHI,SI,CACHI y TRAFUL,4,-58.41146277,-34.65073916,BICICLETA,PASAJEROS
2,2017-12-11,02:00:00,AVENIDA,ROSARIO,SI,ROSARIO y LA PLATA AV.,6,-58.42855267,-34.61829385,MOTO,PASAJEROS
1,2017-12-11,09:00:00,AVENIDA,ENTRE RIOS AV.,SI,ENTRE RIOS AV. y CASEROS AV.,4,-58.39035581,-34.63412287,PEATON,PASAJEROS
1,2017-12-12,21:00:00,AVENIDA,RIVADAVIA AV.,NO,RIVADAVIA AV. 6350,7,-58.45593915,-34.62656868,SD,MOTO
1,2017-12-17,09:00:00,GRAL PAZ,"PAZ, GRAL. AV.",SI,"PAZ, GRAL. AV. y HUMAITA",9,-58.52866211,-34.64597065,AUTO,PASAJEROS
1,2017-12-18,21:00:00,GRAL PAZ,GUALEGUAYCHU,SI,"GUALEGUAYCHU y PAZ, GRAL. AV.",11,-58.52037476,-34.59407024,MOTO,AUTO
1,2017-12-20,04:00:00,AVENIDA,INDEPENDENCIA AV.,SI,"INDEPENDENCIA AV. y CEVALLOS, VIRREY",1,-58.38896772,-34.61799615,MOTO,AUTO
1,2017-12-22,13:00:00,AVENIDA,NAZCA AV.,NO,NAZCA AV. 365,7,-58.47074114,-34.62771756,PEATON,MOTO
1,2017-12-26,15:00:00,AVENIDA,"PERON, EVA AV.",NO,"PERON, EVA AV. 5249",9,-58.48200819,-34.65969965,PEATON,AUTO
1,2018-01-01,22:00:00,AVENIDA,SAN JUAN AV.,SI,SAN JUAN AV. y RINCON,3,-58.39536773,-34.62297346,PEATON,MOTO
1,2018-01-03,16:00:00,CALLE,PERU,NO,PERU 937,1,-58.37456088,-34.61895467,BICICLETA,PASAJEROS
1,2018-01-05,10:00:00,AVENIDA,"PUEYRREDON, HONORIO, DR. AV.",SI,"PUEYRREDON, HONORIO, DR. AV. y GALICIA",15,-58.44860217,-34.60395657,PEATON,MULTIPLE
1,2018-01-09,09:00:00,AVENIDA,DEL LIBERTADOR AV.,SI,DEL LIBERTADOR AV. y MANZANARES,13,-58.46129513,-34.54332766,MOTO,MULTIPLE
1,2018-01-09,22:00:00,AVENIDA,PASEO COLON AV.,NO,PASEO COLON AV. 1019,1,-58.36907201,-34.61953517,PEATON,PASAJEROS
1,2018-01-10,21:00:00,CALLE,VALLE,SI,VALLE y BARCO CENTENERA DEL,6,-58.44062219,-34.62499107,BICICLETA,PASAJEROS
1,2018-01-11,02:00:00,AUTOPISTA,AUTOPISTA PERITO MORENO,NO,AUTOPISTA PERITO MORENO KM. 0.6,9,-58.52502765,-34.63601265,AUTO,AUTO
1,2018-01-12,17:00:00,AVENIDA,"HUERGO, ING. AV.",SI,"HUERGO, ING. AV. e INDEPENDENCIA AV.",1,-58.36659655,-34.61687778,MOTO,CARGAS
1,2018-01-14,02:00:00,AVENIDA,PILCOMAYO,SI,"PILCOMAYO y BROWN, ALTE. AV.",4,-58.36737389,-34.62763661,MOTO,MOTO
1,2018-01-18,05:00:00,CALLE,CERVANTES,SI,"CERVANTES y BELAUSTEGUI, LUIS, DR.",10,-58.49807953,-34.63038658,MOTO,CARGAS
1,2018-01-19,10:00:00,AVENIDA,CALLAO AV.,SI,"CALLAO AV. y LOPEZ, VICENTE",2,-58.39092703,-34.59088447,PEATON,PASAJEROS
1,2018-01-26,13:00:00,CALLE,OLIDEN,SI,"OLIDEN y CHILAVERT, MARTINIANO, CORONEL",8,-58.46912006,-34.68049201,MOTO,PASAJEROS
1,2018-01-28,08:00:00,AVENIDA,CONGRESO AV.,SI,CONGRESO AV. y GALVAN,12,-58.48661286,-34.56786129,MOTO,AUTO
1,2018-01-31,20:00:00,AVENIDA,"MORENO, PERITO AV.",SI,"MORENO, PERITO AV. y RIVERA INDARTE AV.",7,-58.44074927,-34.65080597,PEATON,MOTO
2,2018-02-06,01:00:00,AVENIDA,AUSTRALIA AV.,NO,AUSTRALIA AV. 2800,4,-58.38636298,-34.64684275,MOTO,PASAJEROS
1,2018-02-15,10:00:00,AVENIDA,DEL LIBERTADOR AV.,SI,"DEL LIBERTADOR AV. y RAMOS MEJIA, JOSE MARIA, DR. AV.",1,-58.37533517,-34.59276462,MOTO,CARGAS
1,2018-02-17,04:00:00,AVENIDA,SAN PEDRITO AV.,SI,SAN PEDRITO AV. y RIVADAVIA AV.,7,-58.46963952,-34.63070603,PEATON,AUTO
1,2018-02-17,07:00:00,CALLE,ISABEL LA CATOLICA,SI,"ISABEL LA CATOLICA y SALVADORES, CNEL.",4,-58.37207554,-34.64543658,MOTO,CARGAS
1,2018-02-17,12:00:00,AVENIDA,LAS HERAS GENERAL AV.,SI,LAS HERAS GENERAL AV. y CALLAO AV.,2,-58.39189441,-34.59176378,PEATON,PASAJEROS
1,2018-02-19,22:00:00,AUTOPISTA,AUTOPISTA PRESIDENTE HECTOR J. CAMPORA,NO,"FERNANDEZ DE LA CRUZ F., GRAL. AV. y AUTOPISTA PRESIDENTE HECTOR J. CAMPORA",8,-58.45012957,-34.66518343,MOTO,CARGAS
1,2018-02-22,10:00:00,AVENIDA,"ALCORTA, AMANCIO AV.",SI,"ALCORTA, AMANCIO AV. y ZAVALETA",4,-58.40184094,-34.64546845,PEATON,PASAJEROS
1,2018-02-24,00:00:00,AVENIDA,"MONTES DE OCA, MANUEL AV.",SI,"MONTES DE OCA, MANUEL AV. y OLAVARRIA",4,-58.37441153,-34.63966783,MOTO,CARGAS
1,2018-02-24,06:00:00,CALLE,BARCO CENTENERA DEL,SI,BARCO CENTENERA DEL y ROSARIO,6,-58.44110156,-34.62082399,MOTO,AUTO
1,2018-02-28,23:00:00,AVENIDA,ALVAREZ THOMAS AV.,SI,ALVAREZ THOMAS AV. y DONADO,15,-58.47087351,-34.57827342,PEATON,CARGAS
1,2018-03-04,22:00:00,AVENIDA,AVELLANEDA AV.,SI,AVELLANEDA AV. y BOYACA AV.,7,-58.4596221,-34.6224514,PEATON,AUTO
2,2018-03-09,04:00:00,AVENIDA,"RABANAL, FRANCISCO, INTENDENTE AV.",SI,"RABANAL, FRANCISCO, INTENDENTE AV. y SAENZ AV.",4,-58.41657793,-34.65476216,MOVIL,CARGAS
1,2018-03-11,23:00:00,CALLE,CASTRO,SI,CASTRO y RONDEAU,5,-58.41911301,-34.63722107,PEATON,MOTO
1,2018-03-13,15:00:00,AVENIDA,"BILBAO, FRANCISCO AV.",SI,"BILBAO, FRANCISCO AV. y AZUL",9,-58.47120586,-34.64251042,PEATON,CARGAS
1,2018-03-15,18:00:00,AVENIDA,NAZCA AV.,SI,NAZCA AV. y GAONA AV.,11,-58.47418944,-34.62049672,MOTO,AUTO
1,2018-03-20,01:00:00,AVENIDA,PLAZA,SI,PLAZA y ALVAREZ THOMAS AV.,15,-58.46720441,-34.57905579,MOTO,MOTO
1,2018-03-28,10:00:00,AVENIDA,GAONA AV.,SI,"GAONA AV. y ARTIGAS, JOSE GERVASIO, GRAL.",11,-58.46909362,-34.6177971,MOTO,CARGAS
1,2018-04-02,13:00:00,AVENIDA,CABILDO AV.,SI,CABILDO AV. y AGUILAR,13,-58.44704343,-34.5688864,PEATON,PASAJEROS
1,2018-04-07,07:00:00,AVENIDA,CAMARONES,SI,CAMARONES y LOPE DE VEGA AV.,10,-58.50535541,-34.62902048,MOTO,CARGAS
1,2018-04-11,18:00:00,AVENIDA,SANTA FE AV.,NO,SANTA FE AV. 2320,2,-58.40021675,-34.59522198,PEATON,PASAJEROS
1,2018-04-12,16:00:00,AVENIDA,RIVADAVIA AV.,NO,RIVADAVIA AV. 6950,7,-58.46325991,-34.62919627,PEATON,PASAJEROS
1,2018-04-13,23:00:00,AVENIDA,SAN MARTIN AV.,SI,SAN MARTIN AV. y ARGERICH,15,-58.49471482,-34.59694755,MOTO,AUTO
1,2018-04-18,18:00:00,AVENIDA,CORDOBA AV.,SI,"CORDOBA AV. y URIBURU JOSE E., PRES.",2,-58.3987261,-34.59975962,PEATON,CARGAS
2,2018-04-20,17:00:00,AVENIDA,RIVADAVIA AV.,NO,RIVADAVIA AV. 1571,1,-58.38872177,-34.60885045,PEATON,AUTO
1,2018-04-27,11:00:00,CALLE,"FREIRE, RAMON, CAP. GRAL.",SI,"FREIRE, RAMON, CAP. GRAL. y OLAGUER Y FELIU, VIRREY",13,-58.45686132,-34.57305993,PEATON,CARGAS
1,2018-04-27,13:00:00,AVENIDA,LA PLATA AV.,SI,"LA PLATA AV. y FERNANDEZ DE LA CRUZ, F., GRAL. AV.",4,-58.42281627,-34.64282424,PEATON,PASAJEROS
1,2018-04-27,18:00:00,CALLE,BRANDSEN,SI,BRANDSEN y PERDRIEL,4,-58.38666024,-34.63953396,MOTO,CARGAS
1,2018-04-28,06:00:00,AVENIDA,"VILARDEBO, TEODORO",SI,"VILARDEBO, TEODORO y ALVAREZ JONTE AV.",11,-58.49122843,-34.61207587,MOTO,AUTO
1,2018-04-28,09:00:00,AVENIDA,ALBERTI,SI,ALBERTI e INDEPENDENCIA AV.,3,-58.40098306,-34.61866627,PEATON,AUTO
1,2018-04-30,07:00:00,AVENIDA,ALVAREZ THOMAS AV.,NO,ALVAREZ THOMAS AV. 879,13,-58.45448963,-34.5791692,AUTO,CARGAS
1,2018-05-02,03:00:00,GRAL PAZ,"PAZ, GRAL. AV.",SI,"PAZ, GRAL. AV. y RIVADAVIA AV.",9,-58.52927982,-34.63931752,PEATON,AUTO
1,2018-05-08,19:00:00,AVENIDA,CORRIENTES AV.,SI,CORRIENTES AV. y DORREGO AV.,15,-58.44759966,-34.5917024,PEATON,PASAJEROS
1,2018-05-09,10:00:00,AVENIDA,RIVADAVIA AV.,SI,RIVADAVIA AV. y PEDERNERA,7,-58.46411215,-34.62925068,PEATON,PASAJEROS
1,2018-05-11,19:00:00,CALLE,QUESADA,NO,QUESADA 2300,13,-58.4621322,-34.55395823,PEATON,AUTO
1,2018-05-14,18:00:00,AVENIDA,CABILDO AV.,SI,CABILDO AV. y JURAMENTO AV.,13,-58.45669422,-34.5620361,PEATON,PASAJEROS
1,2018-05-15,21:00:00,CALLE,CALIFORNIA,SI,"CALIFORNIA y CARBONARI, FRANCISCO, CMTE.",4,-58.3597716,-34.64341878,PEATON,AUTO
1,2018-05-18,20:00:00,AVENIDA,"CARRIL, SALVADOR MARIA DEL AV.",SI,"CARRIL, SALVADOR MARIA DEL AV. y NAZCA",15,-58.49820145,-34.59070093,PEATON,PASAJEROS
1,2018-05-20,02:00:00,CALLE,SAN LUIS,SI,SAN LUIS y AGUERO,3,-58.4105928,-34.5993918,MOTO,AUTO
1,2018-05-22,11:00:00,CALLE,LUGONES,NO,LUGONES 2430,12,-58.47969138,-34.57121563,PEATON,BICICLETA
1,2018-05-29,07:00:00,AVENIDA,INDEPENDENCIA AV.,SI,INDEPENDENCIA AV. y JUJUY AV.,3,-58.40351561,-34.61883916,MOTO,AUTO
1,2018-06-02,13:00:00,AVENIDA,RIVADAVIA AV.,NO,RIVADAVIA AV. 11050,9,-58.51973844,-34.63918987,PEATON,PASAJEROS
1,2018-06-03,03:00:00,CALLE,COMBATE DE LOS POZOS,SI,COMBATE DE LOS POZOS y HUMBERTO 1Â°,3,-58.39311376,-34.62163006,MOTO,PASAJEROS
1,2018-06-03,06:00:00,AVENIDA,CORDOBA AV.,SI,CORDOBA AV. y THAMES,15,-58.43531242,-34.59082159,MOTO,AUTO
1,2018-06-08,06:00:00,AVENIDA,"GARAY, JUAN DE AV.",SI,"GARAY, JUAN DE AV. y SANCHEZ DE LORIA",5,-58.41178165,-34.63035454,MOTO,OTRO
1,2018-06-08,12:00:00,AVENIDA,LAVALLE,SI,"LAVALLE y ALEM, LEANDRO N. AV.",1,-58.370488,-34.60189492,PEATON,PASAJEROS
1,2018-06-10,11:00:00,CALLE,ESTADOS UNIDOS,SI,ESTADOS UNIDOS y PICHINCHA,3,-58.39883882,-34.61964833,MOTO,MOTO
1,2018-06-14,01:00:00,CALLE,ROSARIO,SI,ROSARIO y BARCO CENTENERA DEL,6,-58.44110156,-34.62082399,PEATON,CARGAS
1,2018-06-16,21:00:00,AVENIDA,"ALEM, LEANDRO N. AV.",SI,"ALEM, LEANDRO N. AV. y VIAMONTE",1,-58.37093138,-34.59952725,PEATON,PASAJEROS
1,2018-06-25,01:00:00,AVENIDA,VARELA AV.,SI,VARELA AV. y PRIMERA JUNTA,7,-58.45855262,-34.63953253,AUTO,CARGAS
1,2018-06-26,17:00:00,CALLE,"PELLEGRINI, CARLOS",SI,"PELLEGRINI, CARLOS y JUNCAL",1,-58.38161909,-34.59283447,MOTO,CARGAS
1,2018-06-28,11:00:00,AVENIDA,CORRIENTES AV.,SI,"CORRIENTES AV. y LACROZE, FEDERICO AV.",15,-58.45511899,-34.58698157,PEATON,PASAJEROS
1,2018-06-29,16:00:00,AVENIDA,"MONTES DE OCA, MANUEL AV.",SI,"MONTES DE OCA, MANUEL AV. y FINOCHIETTO ENRIQUE DR.",4,-58.37724226,-34.62973033,PASAJEROS,AUTO
1,2018-07-01,09:00:00,AVENIDA,CARABOBO AV.,SI,"CARABOBO AV. y ALBERDI, JUAN BAUTISTA AV.",7,-58.45546217,-34.62930339,MOTO,AUTO
1,2018-07-04,21:00:00,AVENIDA,CORDOBA AV.,NO,CORDOBA AV. 2215,2,-58.39897064,-34.59954925,BICICLETA,PASAJEROS
1,2018-07-07,15:00:00,CALLE,ESTADOS UNIDOS,SI,"ESTADOS UNIDOS y URQUIZA, GRAL.",3,-58.40917826,-34.62126274,MOTO,PASAJEROS
1,2018-07-10,17:00:00,AVENIDA,MORENO,SI,"MORENO y HUERGO, ING. AV.",1,-58.36726348,-34.61099738,MOTO,CARGAS
1,2018-07-11,13:00:00,AUTOPISTA,AUTOPISTA DELLEPIANE LUIS TTE. GRAL.,NO,AUTOPISTA DELLEPIANE LUIS TTE. GRAL. y MONTIEL,8,-58.48267426,-34.68454456,MOTO,CARGAS
1,2018-07-11,15:00:00,AVENIDA,"IRIARTE, GRAL. AV.",NO,"IRIARTE, GRAL. AV. 3400",4,-58.39546165,-34.65168841,PEATON,CARGAS
1,2018-07-14,06:00:00,AVENIDA,"ALBERDI, JUAN BAUTISTA AV.",NO,"ALBERDI, JUAN BAUTISTA AV. 2968",7,-58.46941984,-34.63376545,AUTO,CARGAS
1,2018-07-15,07:00:00,AVENIDA,DEL LIBERTADOR AV.,SI,DEL LIBERTADOR AV. y ORTIZ DE OCAMPO,14,-58.40367321,-34.58129246,PEATON,AUTO
1,2018-07-16,09:00:00,CALLE,"CHAVEZ, JORGE",SI,"CHAVEZ, JORGE y PAZ, GRAL. AV.",9,-58.52932872,-34.65014993,AUTO,CARGAS
1,2018-07-16,23:00:00,CALLE,"URQUIZA, GRAL.",SI,"URQUIZA, GRAL. y ESTADOS UNIDOS",3,-58.40917826,-34.62126274,AUTO,CARGAS
1,2018-07-21,06:00:00,CALLE,PARAGUAY,SI,PARAGUAY y SANCHEZ DE BUSTAMANTE,2,-58.41264127,-34.59473294,PEATON,AUTO
1,2018-07-23,07:00:00,GRAL PAZ,DE LOS CORRALES AV.,SI,"DE LOS CORRALES AV. y PAZ, GRAL. AV.",9,-58.50877521,-34.66977709,PEATON,CARGAS
1,2018-07-25,22:00:00,AVENIDA,"ALBERDI, JUAN BAUTISTA AV.",SI,"ALBERDI, JUAN BAUTISTA AV. y CARHUE",9,-58.51232237,-34.6590353,PEATON,AUTO
1,2018-07-29,06:00:00,AVENIDA,CASTANARES AV.,SI,CASTAÃ‘ARES AV. y RIVERA INDARTE AV.,7,-58.44744156,-34.64567171,PEATON,MULTIPLE
1,2018-08-01,15:00:00,AVENIDA,LARRAZABAL,SI,"LARRAZABAL y GARZON, EUGENIO, GRAL. AV.",9,-58.49441273,-34.65869968,MOTO,CARGAS
1,2018-08-02,05:00:00,GRAL PAZ,"PAZ, GRAL. AV.",SI,"PAZ, GRAL. AV. y FERNANDEZ DE LA CRUZ, F., GRAL. AV.",8,-58.47976785,-34.69153196,MOTO,CARGAS
1,2018-08-03,07:00:00,AVENIDA,"MOREAU DE JUSTO, ALICIA AV.",SI,"MOREAU DE JUSTO, ALICIA AV. y COCHABAMBA",1,-58.36523349,-34.62260331,PEATON,CARGAS
2,2018-08-03,18:00:00,AVENIDA,ENTRE RIOS AV.,SI,"ENTRE RIOS AV. y GARAY, JUAN DE AV.",3,-58.39118948,-34.62704273,MOTO,PASAJEROS
1,2018-08-10,21:00:00,AVENIDA,DIRECTORIO AV.,SI,DIRECTORIO AV. y GUARDIA NACIONAL,9,-58.49019551,-34.65015854,PEATON,PASAJEROS
1,2018-08-15,19:00:00,AVENIDA,PAVON AV.,SI,PAVON AV. y COLOMBRES,5,-58.41644362,-34.63023775,PEATON,PASAJEROS
1,2018-08-17,16:00:00,GRAL PAZ,"PAZ, GRAL. AV.",SI,"PAZ, GRAL. AV. y BALBIN, RICARDO, DR. AV.",12,-58.5007381,-34.5497951,MOTO,CARGAS
1,2018-08-17,17:00:00,AVENIDA,PICHINCHA AV.,SI,PICHINCHA AV. y BRASIL,4,-58.39626094,-34.63036565,PEATON,PASAJEROS
1,2018-08-18,10:00:00,AVENIDA,27 DE FEBRERO AV.,SI,27 DE FEBRERO AV. y PERGAMINO,8,-58.43284809,-34.67051543,MOTO,AUTO
1,2018-08-19,18:00:00,AUTOPISTA,AUTOPISTA PERITO MORENO,SI,AUTOPISTA PERITO MORENO y BARRAGAN,9,-58.52280139,-34.63659934,AUTO,AUTO
1,2018-08-20,08:00:00,AVENIDA,CORDOBA AV.,SI,CORDOBA AV. y GASCON,14,-58.4233693,-34.59774487,MOTO,AUTO
1,2018-08-20,08:00:00,CALLE,15 DE NOVIEMBRE DE 1889,NO,15 DE NOVIEMBRE DE 1889 1513,1,-58.38691681,-34.63105973,PEATON,PASAJEROS
1,2018-08-23,05:00:00,CALLE,"SALGUERO, JERONIMO",SI,"SALGUERO, JERONIMO y BERUTI",14,-58.4116902,-34.5857988,MOTO,PASAJEROS
1,2018-08-26,00:00:00,AVENIDA,LACARRA AV.,SI,"LACARRA AV. y DELLEPIANE, LUIS, TTE. GRAL.",9,-58.46739825,-34.65117757,AUTO,AUTO
1,2018-08-31,22:00:00,AUTOPISTA,AUTOPISTA PRESIDENTE H?CTOR J. C?MPORA,SI,"AUTOPISTA PRESIDENTE HÃ‰CTOR J. CÃMPORA y ROCA, CNEL. AV.",8,-58.44483258,-34.67152226,PEATON,AUTO
1,2018-09-02,10:00:00,AVENIDA,VARELA AV.,SI,"VARELA AV. y RABANAL, FRANCISCO, INTENDENTE AV.",8,-58.43254025,-34.66128115,AUTO,OTRO
2,2018-09-09,05:00:00,GRAL PAZ,"PAZ, GRAL. AV.",SI,"PAZ, GRAL. AV. y BERON DE ASTRADA",8,-58.47199387,-34.69640164,AUTO,AUTO
1,2018-09-12,14:00:00,AVENIDA,RIVADAVIA AV.,SI,RIVADAVIA AV. y PEDERNERA,7,-58.46411215,-34.62925068,PEATON,PASAJEROS
1,2018-09-20,10:00:00,AVENIDA,"RAWSON DE DELLEPIANE, ELVIRA AV.",NO,"RAWSON DE DELLEPIANE, ELVIRA AV. 150",1,-58.36217754,-34.62367156,MOTO,AUTO
1,2018-09-21,00:00:00,GRAL PAZ,"PAZ, GRAL. AV.",SI,"PAZ, GRAL. AV. y ZAPIOLA",12,-58.48098594,-34.5407313,AUTO,MULTIPLE
1,2018-09-21,00:00:00,CALLE,FAMATINA,SI,"FAMATINA y TABORDA, DIOGENES",4,-58.41083404,-34.64640709,MOTO,AUTO
1,2018-09-27,17:00:00,AVENIDA,CASTA?ARES AV.,SI,"CASTAÃ‘ARES AV. y BONORINO, ESTEBAN, CNEL. AV.",7,-58.44609828,-34.64446729,PEATON,MOTO
1,2018-10-01,08:00:00,AUTOPISTA,AUTOPISTA 1 SUR PRESIDENTE ARTURO FRONDIZI,SI,AUTOPISTA 1 SUR PRESIDENTE ARTURO FRONDIZI y SUAREZ AV.,4,-58.37709334,-34.64035082,MOTO,MOTO
1,2018-10-03,18:00:00,AVENIDA,NAZCA AV.,SI,NAZCA AV. y RIVADAVIA AV.,7,-58.46963952,-34.63070603,PEATON,PASAJEROS
1,2018-10-04,22:00:00,AVENIDA,"FIGUEROA ALCORTA, PRES. AV.",SI,"FIGUEROA ALCORTA, PRES. AV. y ECHEVERRIA",13,-58.43674281,-34.55161027,MOTO,MOTO
1,2018-10-06,14:00:00,AVENIDA,RIVADAVIA AV.,SI,RIVADAVIA AV. y JUJUY AV.,3,-58.4059686,-34.61011987,PEATON,PASAJEROS
1,2018-10-09,14:00:00,AVENIDA,DE LOS ITALIANOS AV.,SI,"DE LOS ITALIANOS AV. y GUEMES, MACACHA",1,-58.36154069,-34.60463618,MOTO,AUTO
1,2018-10-10,22:00:00,AVENIDA,TUCUMAN,SI,"TUCUMAN y ALEM, LEANDRO N. AV.",1,-58.37062179,-34.60066507,PEATON,PASAJEROS
1,2018-10-13,03:00:00,AVENIDA,CORRIENTES AV.,SI,"CORRIENTES AV. y GALLARDO, ANGEL AV.",15,-58.43220014,-34.60207186,PEATON,MOTO
1,2018-10-19,12:00:00,AUTOPISTA,AUTOPISTA PERITO MORENO,NO,"AUTOPISTA PERITO MORENO & PERON, EVA  AV.",9,-58.46958442,-34.64949724,MOTO,CARGAS
1,2018-10-24,09:00:00,CALLE,MU?ECAS,SI,MUÃ‘ECAS y SERRANO,15,-58.44671397,-34.59970903,MOTO,CARGAS
1,2018-10-25,11:00:00,CALLE,"ARTIGAS, JOSE GERVASIO, GRAL.",SI,"ARTIGAS, JOSE GERVASIO, GRAL. y TRES ARROYOS",11,-58.47152163,-34.61474911,MOTO,CARGAS
1,2018-10-30,02:00:00,AVENIDA,SOLIS,SI,SOLIS e INDEPENDENCIA AV.,1,-58.39032921,-34.61807951,MOTO,AUTO
1,2018-10-31,12:00:00,CALLE,"BOSCH, VENTURA",SI,"BOSCH, VENTURA y PAZ, GRAL. AV.",9,-58.52887773,-34.64297861,PEATON,PASAJEROS
1,2018-11-01,10:00:00,GRAL PAZ,"PAZ, GRAL. AV.",NO,"PAZ, GRAL. AV. 14800",8,-58.49371157,-34.67981324,PEATON,CARGAS
1,2018-11-04,08:00:00,AVENIDA,"PERON, EVA AV.",NO,"PERON, EVA AV. 5321",9,-58.48266599,-34.66012327,MOTO,MOTO
1,2018-11-05,14:00:00,AVENIDA,"PERON, JUAN DOMINGO, TTE. GENERAL",SI,"PERON, JUAN DOMINGO, TTE. GENERAL y PUEYRREDON AV.",3,-58.40612253,-34.60774301,PEATON,MOTO
1,2018-11-05,22:00:00,AVENIDA,"RABANAL, FRANCISCO, INTENDENTE AV.",SI,"RABANAL, FRANCISCO, INTENDENTE AV. y SAN PEDRITO",8,-58.43613623,-34.66292532,PEATON,SD
1,2018-11-09,13:00:00,AVENIDA,MONROE,SI,MONROE y ALVAREZ THOMAS AV.,12,-58.48250732,-34.57208238,PEATON,AUTO
1,2018-11-09,16:00:00,AVENIDA,RIVADAVIA AV.,SI,RIVADAVIA AV. y MANZONI,10,-58.49945705,-34.6374328,PEATON,PASAJEROS
1,2018-11-12,01:00:00,AUTOPISTA,AUTOPISTA DELLEPIANE LUIS TTE. GRAL.,SI,AUTOPISTA DELLEPIANE LUIS TTE. GRAL. y LARRAZABAL,8,-58.47743966,-34.67233407,AUTO,AUTO
1,2018-11-12,03:00:00,GRAL PAZ,"PAZ, GRAL. AV.",SI,"PAZ, GRAL. AV. y PERON, EVA AV.",9,-58.5025179,-34.67450313,AUTO,SD
1,2018-11-15,19:00:00,AUTOPISTA,AUTOPISTA PERITO MORENO,NO,AUTOPISTA PERITO MORENO y RESERVISTAS ARGENTINOS,9,-58.52144411,-34.63682499,CARGAS,CARGAS
1,2018-11-16,21:00:00,AVENIDA,SAENZ AV.,SI,SAENZ AV. y VENTANA,4,-58.41650465,-34.65084045,PEATON,PASAJEROS
1,2018-11-18,12:00:00,GRAL PAZ,"PAZ, GRAL. AV.",SI,"PAZ, GRAL. AV. y FALCON, RAMON L.,CNEL.",9,-58.52994219,-34.64055918,MOTO,AUTO
1,2018-11-19,09:00:00,GRAL PAZ,"PAZ, GRAL. AV.",SI,"PAZ, GRAL. AV. y DE LOS CONSTITUYENTES AV.",12,-58.50993046,-34.56919739,MOTO,MOTO
2,2018-11-25,04:00:00,GRAL PAZ,"PAZ, GRAL. AV.",NO,"PAZ, GRAL. AV. 11200",9,-58.52844623,-34.64592873,AUTO,PASAJEROS
1,2018-11-28,04:00:00,AVENIDA,"NEWBERY, JORGE AV.",SI,"NEWBERY, JORGE AV. y GUEVARA",15,-58.45021367,-34.58695347,MOTO,PASAJEROS
1,2018-12-03,03:00:00,AVENIDA,GAONA AV.,SI,GAONA AV. y SEGUROLA AV.,10,-58.49022072,-34.62770192,MOTO,PASAJEROS
1,2018-12-07,19:00:00,AVENIDA,"MADERO, EDUARDO AV.",NO,"MADERO, EDUARDO AV. 550",1,-58.36860866,-34.60106568,MOTO,CARGAS
1,2018-12-12,08:00:00,AUTOPISTA,AUTOPISTA ARTURO ILLIA,SI,"AUTOPISTA ARTURO ILLIA y CASTILLO, RAMON S., PRES. AV.",2,-58.39490504,-34.57241534,PEATON,CARGAS
1,2018-12-12,14:00:00,AVENIDA,NAZCA AV.,SI,NAZCA AV. y RIVADAVIA AV.,7,-58.46963952,-34.63070603,PEATON,CARGAS
1,2018-12-12,21:00:00,AVENIDA,LA PLATA AV.,SI,LA PLATA AV. y CASEROS AV.,7,-58.42349365,-34.64019887,PEATON,MOTO
1,2018-12-18,14:00:00,AVENIDA,BELGRANO AV.,SI,BELGRANO AV. y PERU,1,-58.37471802,-34.61265002,PEATON,PASAJEROS
1,2018-12-18,15:00:00,AVENIDA,RIVADAVIA AV.,NO,RIVADAVIA AV. 7013,7,-58.46438789,-34.62913916,PEATON,PASAJEROS
1,2018-12-18,20:00:00,CALLE,"ALSINA, ADOLFO",SI,"ALSINA, ADOLFO y SANTIAGO DEL ESTERO",1,-58.38481975,-34.61100424,MOTO,PASAJEROS
1,2018-12-21,09:00:00,CALLE,BERMUDEZ,NO,BERMUDEZ 1893,10,-58.50751833,-34.62073702,PASAJEROS,PASAJEROS
1,2018-12-22,06:00:00,CALLE,SANTANDER,NO,SANTANDER 1974,7,-58.44682986,-34.63888084,MOTO,MOTO
1,2018-12-22,08:00:00,CALLE,LANTERI JULIETA,NO,LANTERI JULIETA 1400,1,-58.3600465,-34.61381341,AUTO,AUTO
1,2018-12-22,17:00:00,AVENIDA,MAZA,SI,MAZA e INDEPENDENCIA AV.,5,-58.41509546,-34.62085945,PEATON,MOTO
1,2018-12-25,13:00:00,GRAL PAZ,"PAZ, GRAL. AV.",NO,"PAZ, GRAL. AV. 5172",12,-58.50997604,-34.57251072,CARGAS,PASAJEROS
1,2018-12-29,05:00:00,AVENIDA,OLIVERA AV.,SI,"OLIVERA AV. y ALBERDI, JUAN BAUTISTA AV.",10,-58.48606475,-34.64047818,MOTO,AUTO
1,2019-01-08,08:00:00,AVENIDA,"CASTILLO, RAMON S., PRES. AV.",SI,"CASTILLO, RAMON S., PRES. AV. y CALLE 12 (NO OFICIAL)",2,-58.38526125,-34.5780581,MOTO,CARGAS
1,2019-01-09,04:00:00,AVENIDA,CASTA?ARES AV.,SI,"CASTAÃ‘ARES AV. y MORENO, PERITO AV.",7,-58.45463662,-34.65082149,AUTO,CARGAS
1,2019-01-12,08:00:00,AVENIDA,SAN MARTIN AV.,SI,SAN MARTIN AV. y TERRADA,15,-58.49121672,-34.59718073,MOTO,AUTO
1,2019-01-14,19:00:00,AVENIDA,"PERON, EVA AV.",SI,"PERON, EVA AV. y MEDINA",9,-58.47325712,-34.65284605,AUTO,PASAJEROS
1,2019-01-19,12:00:00,AVENIDA,"JUSTO, JUAN B. AV.",SI,"JUSTO, JUAN B. AV. y ALVAREZ JONTE AV.",10,-58.52108101,-34.63382309,MOTO,CARGAS
1,2019-01-23,05:00:00,AVENIDA,"OBLIGADO RAFAEL, AV.COSTANERA",NO,"OBLIGADO RAFAEL, AV.COSTANERA 4650",14,-58.41652702,-34.55509606,PEATON,AUTO
1,2019-01-26,19:00:00,CALLE,"MITRE, BARTOLOME",SI,"MITRE, BARTOLOME y YATAY",5,-58.42891604,-34.6107166,MOTO,AUTO
1,2019-01-30,22:00:00,GRAL PAZ,"PAZ, GRAL. AV.",NO,"PAZ, GRAL. AV. 16080",8,-58.47802293,-34.69156793,MOTO,MULTIPLE
1,2019-01-31,14:00:00,AVENIDA,CHACABUCO,SI,CHACABUCO y SAN JUAN AV.,1,-58.37564821,-34.62200207,MOTO,AUTO
2,2019-02-02,07:00:00,AVENIDA,DEL LIBERTADOR AV.,NO,DEL LIBERTADOR AV. 4100,14,-58.42668489,-34.56961468,PEATON,AUTO
1,2019-02-10,01:00:00,GRAL PAZ,"PAZ, GRAL. AV.",SI,"PAZ, GRAL. AV. y ALBERDI, JUAN BAUTISTA AV.",9,-58.5183993,-34.66252488,PEATON,AUTO
1,2019-02-17,03:00:00,AVENIDA,CASTA?ARES AV.,SI,"CASTAÃ‘ARES AV. y GORDILLO, TIMOTEO",8,-58.48432691,-34.67665828,MOTO,AUTO
1,2019-02-20,07:00:00,CALLE,SALVIGNY,SI,SALVIGNY y MOM,7,-58.4338383,-34.64457699,PEATON,AUTO
1,2019-02-20,17:00:00,CALLE,"LAMARCA, EMILIO",NO,"LAMARCA, EMILIO 5402",11,-58.51664939,-34.58657938,MOTO,OBJETO FIJO
1,2019-02-23,06:00:00,AVENIDA,SAN MARTIN AV.,NO,SAN MARTIN AV. 5638,11,-58.49613012,-34.59703502,AUTO,OBJETO FIJO
1,2019-02-24,02:00:00,CALLE,"CARRILLO, RAMON, DR.",SI,"CARRILLO, RAMON, DR. y FINOCHIETTO ENRIQUE DR.",4,-58.38313603,-34.63356284,MOTO,PASAJEROS
1,2019-03-03,07:00:00,CALLE,MEXICO,SI,MEXICO y PICHINCHA,3,-58.39914719,-34.61632317,AUTO,PASAJEROS
1,2019-03-03,23:00:00,AUTOPISTA,"CANTILO, INT.",SI,"CANTILO, INT. y UDAONDO, GUILLERMO AV.",13,-58.44927253,-34.54048625,PEATON,AUTO
1,2019-03-06,12:00:00,AVENIDA,DEL LIBERTADOR AV.,NO,DEL LIBERTADOR AV. 6326,13,-58.45049163,-34.55374003,MOTO,AUTO
1,2019-03-07,21:00:00,AVENIDA,CHICLANA AV.,NO,CHICLANA AV. 3444,5,-58.41288952,-34.63572989,MOTO,AUTO
1,2019-03-15,22:00:00,AVENIDA,BOYACA AV.,SI,BOYACA AV. y YERBAL,7,-58.45743597,-34.62561234,MOTO,AUTO
1,2019-03-15,00:00:00,AVENIDA,ENTRE RIOS AV.,NO,ENTRE RIOS AV. 1260,1,-58.39123782,-34.62352245,AUTO,SD
1,2019-03-16,08:00:00,GRAL PAZ,"PAZ, GRAL. AV.",SI,"PAZ, GRAL. AV. y JACQUES, AMADEO",9,-58.52922765,-34.63637963,AUTO,OBJETO FIJO
1,2019-03-19,07:00:00,AVENIDA,ANTARTIDA ARGENTINA AV.,NO,ANTARTIDA ARGENTINA AV. 1325,1,-58.37208118,-34.58541957,MOTO,CARGAS
1,2019-03-22,13:00:00,CALLE,"MITRE, BARTOLOME",SI,"MITRE, BARTOLOME y SANCHEZ DE BUSTAMANTE",5,-58.41458534,-34.60937557,PEATON,AUTO
1,2019-03-28,07:00:00,AVENIDA,"FERNANDEZ DE LA CRUZ, F., GRAL. AV.",SI,"FERNANDEZ DE LA CRUZ, F., GRAL. AV. y PAZ, GRAL. AV.",8,-58.47976785,-34.69153196,PEATON,PASAJEROS
1,2019-03-28,11:00:00,AVENIDA,SANTA FE AV.,SI,SANTA FE AV. y AZCUENAGA,2,-58.39990285,-34.59511714,BICICLETA,MULTIPLE
1,2019-04-06,09:00:00,AVENIDA,"JUSTO, JUAN B. AV.",SI,"JUSTO, JUAN B. AV. y OROÃ‘O, NICASIO",11,-58.46051346,-34.60588536,PEATON,PASAJEROS
1,2019-04-07,10:00:00,AVENIDA,"FERNANDEZ DE LA CRUZ, F., GRAL. AV.",SI,"FERNANDEZ DE LA CRUZ, F., GRAL. AV. y PAZ, GRAL. AV.",8,-58.47976785,-34.69153196,MOTO,OBJETO FIJO
1,2019-04-09,16:00:00,CALLE,"ALVAREZ, DONATO, TTE. GRAL.",SI,"ALVAREZ, DONATO, TTE. GRAL. y YERBAL",7,-58.45457546,-34.62447891,MOTO,CARGAS
1,2019-04-12,19:00:00,AVENIDA,CORDOBA AV.,SI,"CORDOBA AV. y MADERO, EDUARDO AV.",1,-58.36951669,-34.59832047,BICICLETA,CARGAS
1,2019-04-16,11:00:00,AVENIDA,CAMARONES,SI,"CAMARONES y ALVAREZ, DONATO, TTE. GRAL. AV.",11,-58.46415322,-34.6044379,PEATON,AUTO
1,2019-04-18,01:00:00,AUTOPISTA,AUTOPISTA 25 DE MAYO,SI,"AUTOPISTA 25 DE MAYO y HUERGO, ING. AV.",1,-58.36607137,-34.62150748,MOTO,SD
1,2019-04-21,09:00:00,AVENIDA,"MORENO, PERITO AV.",NO,"MORENO, PERITO AV. 3050",7,-58.45537373,-34.65093074,MOTO,OBJETO FIJO
1,2019-04-23,14:00:00,CALLE,SUIPACHA,NO,SUIPACHA 665,1,-58.37942637,-34.60053054,PEATON,BICICLETA
1,2019-04-26,22:00:00,CALLE,RIGLOS,SI,RIGLOS y FORMOSA,6,-58.4368044,-34.62147504,MOTO,AUTO
1,2019-05-01,23:00:00,AVENIDA,LA RIOJA,SI,LA RIOJA e INDEPENDENCIA AV.,3,-58.40778291,-34.61971907,MOTO,AUTO
1,2019-05-04,14:00:00,AVENIDA,"UDAONDO, GUILLERMO AV.",SI,"UDAONDO, GUILLERMO AV. y FIGUEROA ALCORTA, PRES. AV.",13,-58.45212523,-34.54628513,PEATON,MOTO
1,2019-05-09,03:00:00,AVENIDA,SAN PEDRITO AV.,SI,SAN PEDRITO AV. y DIRECTORIO AV.,7,-58.46749188,-34.63551751,MOTO,AUTO
1,2019-05-09,12:00:00,CALLE,PUAN,SI,PUAN y SANTANDER,7,-58.4426358,-34.63679732,MOTO,SD
1,2019-05-11,20:00:00,AVENIDA,"ALBERDI, JUAN BAUTISTA AV.",SI,"ALBERDI, JUAN BAUTISTA AV. y ANDALGALA",9,-58.51140289,-34.65846419,AUTO,MULTIPLE
1,2019-05-14,15:00:00,CALLE,LIMA,SI,LIMA y CONSTITUCION,1,-58.38211431,-34.62465368,PEATON,PASAJEROS
1,2019-05-21,09:00:00,AVENIDA,CORDOBA AV.,SI,"CORDOBA AV. y MADERO, EDUARDO AV.",1,-58.36951669,-34.59832047,BICICLETA,CARGAS
1,2019-05-27,12:00:00,AVENIDA,BOEDO AV.,NO,BOEDO AV. 650,5,-58.41635217,-34.62036547,PEATON,MOTO
1,2019-06-03,07:00:00,AVENIDA,DEL LIBERTADOR AV.,SI,DEL LIBERTADOR AV. y REPUBLICA DE LA INDIA,14,-58.41316147,-34.57579669,MOTO,CARGAS
1,2019-06-04,09:00:00,GRAL PAZ,"PAZ, GRAL. AV.",SI,"PAZ, GRAL. AV. y CABILDO AV.",13,-58.47617802,-34.53825652,MOTO,AUTO
1,2019-06-06,10:00:00,AVENIDA,CASEROS AV.,NO,CASEROS AV. 1700,4,-58.38641783,-34.63330028,PEATON,CARGAS
1,2019-06-07,07:00:00,AVENIDA,AVELLANEDA AV.,NO,AVELLANEDA AV. 1548,6,-58.45322169,-34.62038137,MOTO,CARGAS
1,2019-06-08,09:00:00,CALLE,CIUDAD DE LA PAZ,SI,CIUDAD DE LA PAZ y MENDOZA,13,-58.45849057,-34.56166498,PEATON,CARGAS
1,2019-06-08,23:00:00,AVENIDA,"SALGUERO, JERONIMO",SI,"SALGUERO, JERONIMO y HONDURAS AV.",14,-58.41829559,-34.59411677,MOTO,CARGAS
1,2019-06-11,10:00:00,CALLE,"FILIBERTO, JUAN DE DIOS",SI,"FILIBERTO, JUAN DE DIOS y OLAVARRIA",4,-58.36376488,-34.63832093,MOTO,AUTO
1,2019-06-14,17:00:00,AVENIDA,ASTURIAS AV.,SI,ASTURIAS AV. y CASTAÃ‘ARES AV.,8,-58.46442668,-34.66004784,AUTO,AUTO
1,2019-06-20,03:00:00,CALLE,GANDARA,NO,GANDARA 2976,15,-58.48222035,-34.58428769,MOTO,OBJETO FIJO
1,2019-06-20,19:00:00,AVENIDA,"GUEVARA, TRINIDAD",SI,"GUEVARA, TRINIDAD y MADERO, EDUARDO AV.",1,-58.36819005,-34.60283208,MOTO,PASAJEROS
1,2019-06-29,17:00:00,AVENIDA,BOYACA AV.,NO,BOYACA AV. 305,7,-58.45877601,-34.62330939,PEATON,AUTO
1,2019-07-05,19:00:00,CALLE,ARTILLEROS,SI,ARTILLEROS y LA PAMPA,13,-58.44196498,-34.55760517,PEATON,AUTO
1,2019-07-10,09:00:00,AUTOPISTA,AUTOPISTA PERITO MORENO,NO,AUTOPISTA PERITO MORENO e IRIGOYEN,10,-58.50622631,-34.63627822,MOTO,PASAJEROS
1,2019-07-13,22:00:00,CALLE,15 DE NOVIEMBRE DE 1889,SI,15 DE NOVIEMBRE DE 1889 y SANTIAGO DEL ESTERO,1,-58.3841088,-34.63099197,MOTO,PASAJEROS
1,2019-07-17,11:00:00,AVENIDA,"ACOSTA, MARIANO AV.",SI,"ACOSTA, MARIANO AV. y FALCON, RAMON L.,CNEL.",10,-58.48100602,-34.63504312,PEATON,AUTO
1,2019-07-17,18:00:00,CALLE,11 DE SEPTIEMBRE DE 1888,SI,11 DE SEPTIEMBRE DE 1888 y MENDOZA,13,-58.45200171,-34.5578132,PEATON,PASAJEROS
1,2019-08-01,23:00:00,AVENIDA,"PINO, VIRREY DEL",SI,"PINO, VIRREY DEL y CAMPOS, LUIS M. AV.",13,-58.44462132,-34.56201105,PEATON,PASAJEROS
1,2019-08-04,01:00:00,AVENIDA,FOREST AV.,SI,FOREST AV. y MAURE,15,-58.45220688,-34.58711712,MOTO,PASAJEROS
1,2019-08-06,03:00:00,AVENIDA,BOYACA AV.,SI,BOYACA AV. y AVELLANEDA AV.,7,-58.4596221,-34.6224514,MOTO,AUTO
1,2019-08-08,16:00:00,CALLE,BARCO CENTENERA DEL,SI,BARCO CENTENERA DEL y TILCARA,4,-58.4197085,-34.65414867,PEATON,PASAJEROS
1,2019-08-11,21:00:00,AVENIDA,RIESTRA AV.,SI,RIESTRA AV. y BOLIVAR (NO OFICIAL),7,-58.44187596,-34.64938031,PEATON,AUTO
1,2019-08-14,15:00:00,CALLE,"CASTRO, EMILIO",NO,"CASTRO, EMILIO 4706",10,-58.49101637,-34.64276621,MOTO,CARGAS
1,2019-08-14,17:00:00,AVENIDA,27 DE FEBRERO AV.,NO,27 DE FEBRERO AV. 5600,8,-58.42493829,-34.66256502,MOTO,MOTO
1,2019-08-17,05:00:00,AVENIDA,"GARAY, JUAN DE AV.",NO,"GARAY, JUAN DE AV. 2874",4,-58.40489318,-34.62930162,MOTO,AUTO
1,2019-08-22,12:00:00,AVENIDA,"SCALABRINI ORTIZ, RAUL AV.",SI,"SCALABRINI ORTIZ, RAUL AV. y GORRITI",14,-58.4268668,-34.59217875,MOTO,BICICLETA
1,2019-08-27,11:00:00,AVENIDA,PRIMERA JUNTA,SI,PRIMERA JUNTA y OLIVERA AV.,9,-58.479611,-34.65620398,PEATON,CARGAS
1,2019-08-28,06:00:00,AVENIDA,"ALBERDI, JUAN BAUTISTA AV.",SI,"ALBERDI, JUAN BAUTISTA AV. y AZUL",10,-58.47439934,-34.63524207,AUTO,AUTO
1,2019-08-29,01:00:00,AVENIDA,ALVAREZ THOMAS AV.,NO,ALVAREZ THOMAS AV. 1788,15,-58.46711912,-34.57926018,AUTO,OBJETO FIJO
1,2019-08-29,09:00:00,AUTOPISTA,"LUGONES, LEOPOLDO AV.",SI,"LUGONES, LEOPOLDO AV. y PAZ, GRAL. AV.",13,-58.46514781,-34.53465378,MOTO,CARGAS
1,2019-08-30,23:00:00,CALLE,SAN ANTONIO,SI,SAN ANTONIO y LUJAN,4,-58.37571078,-34.65584079,MOTO,PASAJEROS
1,2019-09-05,18:00:00,AUTOPISTA,AUTOPISTA 1 SUR PRESIDENTE ARTURO FRONDIZI,NO,AUTOPISTA 1 SUR PRESIDENTE ARTURO FRONDIZI y DON PEDRO DE MENDOZA AV.,4,-58.37157668,-34.65429986,MOTO,CARGAS
1,2019-09-08,03:00:00,AVENIDA,"FIGUEROA ALCORTA, PRES. AV.",SI,"FIGUEROA ALCORTA, PRES. AV. y TAGLE",14,-58.39811256,-34.58070186,PEATON,AUTO
1,2019-09-12,08:00:00,AVENIDA,"EINSTEIN, ALBERTO",SI,"EINSTEIN, ALBERTO y ALCORTA, AMANCIO AV.",4,-58.41125934,-34.6541774,PEATON,CARGAS
1,2019-09-17,05:00:00,CALLE,AGRELO,SI,AGRELO y COLOMBRES,5,-58.41822901,-34.61866836,MOTO,PASAJEROS
1,2019-09-17,18:00:00,GRAL PAZ,CABILDO AV.,SI,"CABILDO AV. y PAZ, GRAL. AV.",13,-58.47617802,-34.53825652,PEATON,MOTO
1,2019-09-23,16:00:00,AVENIDA,ELCANO AV.,NO,ELCANO AV. 4300,15,-58.46141281,-34.58623761,PEATON,PASAJEROS
1,2019-09-25,07:00:00,AVENIDA,"RABANAL, FRANCISCO, INTENDENTE AV.",NO,"RABANAL, FRANCISCO, INTENDENTE AV. 2428",8,-58.42985146,-34.6611974,BICICLETA,CARGAS
1,2019-09-26,08:00:00,CALLE,MONTE,SI,MONTE y CORVALAN,9,-58.48457413,-34.6583909,AUTO,AUTO
1,2019-09-27,11:00:00,CALLE,TANDIL,SI,TANDIL y LAFUENTE,7,-58.46572884,-34.63628186,BICICLETA,CARGAS
1,2019-10-09,22:00:00,CALLE,CARDOSO,SI,CARDOSO y BACACAY,10,-58.49261744,-34.6341913,BICICLETA,TREN
1,2019-10-15,14:00:00,AVENIDA,CORRIENTES AV.,NO,CORRIENTES AV. 6700,15,-58.45283186,-34.5884156,MOTO,PASAJEROS
1,2019-10-21,21:00:00,AVENIDA,ALVAREZ THOMAS AV.,SI,ALVAREZ THOMAS AV. y MENDOZA,12,-58.47973681,-34.57418656,MOTO,MOTO
1,2019-10-22,20:00:00,AVENIDA,"ALCORTA, AMANCIO AV.",SI,"ALCORTA, AMANCIO AV. y BONAVENA, OSCAR NATALIO",4,-58.40623949,-34.65076549,PEATON,PASAJEROS
1,2019-10-23,15:00:00,AVENIDA,"BROWN, ALTE. AV.",SI,"BROWN, ALTE. AV. y BLANES, JUAN MANUEL",4,-58.36244648,-34.63107887,PEATON,CARGAS
1,2019-10-24,18:00:00,AVENIDA,"ALBERDI, JUAN BAUTISTA AV.",NO,"ALBERDI, JUAN BAUTISTA AV. 5455",9,-58.49962423,-34.64868027,PEATON,MOTO
1,2019-11-01,20:00:00,AVENIDA,"JUSTO, JUAN B. AV.",SI,"JUSTO, JUAN B. AV. y CAMARGO",15,-58.44551437,-34.59559816,PEATON,PASAJEROS
1,2019-11-03,10:00:00,CALLE,"BRIN, MINISTRO",SI,"BRIN, MINISTRO y SUAREZ",4,-58.35608181,-34.63420319,PEATON,PASAJEROS
1,2019-11-13,11:00:00,AVENIDA,NIZA,SI,"NIZA y JUSTO, JUAN B. AV.",11,-58.46483679,-34.60907662,BICICLETA,OTRO
1,2019-11-18,14:00:00,CALLE,CAMARGO,SI,CAMARGO y SERRANO,15,-58.44368628,-34.59724326,MOTO,OTRO
1,2019-11-20,15:00:00,AUTOPISTA,AUTOPISTA 1 SUR PRESIDENTE ARTURO FRONDIZI,NO,AUTOPISTA 1 SUR PRESIDENTE ARTURO FRONDIZI y CASEROS AV.,1,-58.37864583,-34.62907067,MOTO,CARGAS
1,2019-11-22,19:00:00,AVENIDA,CASEROS AV.,SI,CASEROS AV. y PIEDRAS,1,-58.37560352,-34.62726382,PEATON,PASAJEROS
1,2019-11-25,08:00:00,AUTOPISTA,AUTOPISTA PERITO MORENO,NO,AUTOPISTA PERITO MORENO KM. 5.6,9,-58.47721439,-34.64815069,MOTO,MULTIPLE
1,2019-11-25,14:00:00,AVENIDA,GUZMAN,NO,GUZMAN 365,15,-58.45134029,-34.58984288,PASAJEROS,PASAJEROS
1,2019-12-05,17:00:00,AVENIDA,DE LOS CONSTITUYENTES AV.,NO,DE LOS CONSTITUYENTES AV. 4300,12,-58.49040794,-34.58368803,MOTO,AUTO
1,2019-12-17,04:00:00,AVENIDA,"MORENO, PERITO AV.",SI,"MORENO, PERITO AV. y TILCARA AV.",4,-58.42102679,-34.64991178,MOTO,MOTO
1,2019-12-17,14:00:00,CALLE,IBARROLA,SI,"IBARROLA y GORDILLO, TIMOTEO",9,-58.52219407,-34.64143926,MOTO,AUTO
1,2019-12-21,04:00:00,AVENIDA,RIVADAVIA AV.,SI,RIVADAVIA AV. y PERGAMINO,10,-58.47460416,-34.63206174,MOTO,AUTO
1,2019-05-05,11:00:00,AVENIDA,SANTO TOME,SI,SANTO TOME y SEGUROLA AV.,10,-58.50512382,-34.61520391,PEATON,AUTO
1,2020-01-04,10:00:00,CALLE,URIARTE,SI,URIARTE y LOYOLA,15,-58.43910409,-34.59213355,PEATON,AUTO
1,2020-01-05,20:00:00,AVENIDA,SARAZA,SI,SARAZA y VARELA AV.,7,-58.45019436,-34.64646409,MOTO,OBJETO FIJO
1,2020-01-11,06:00:00,AVENIDA,RIVADAVIA AV.,SI,RIVADAVIA AV. y COMBATE DE LOS POZOS,3,-58.39337644,-34.60927582,PEATON,AUTO
1,2020-01-14,21:00:00,AVENIDA,RODRIGUEZ PE?A,SI,RODRIGUEZ PEÃ‘A y RIVADAVIA AV.,1,-58.39055614,-34.60919284,PEATON,PASAJEROS
1,2020-01-14,06:00:00,AVENIDA,24 DE NOVIEMBRE,SI,24 DE NOVIEMBRE y SAN JUAN AV.,3,-58.41036975,-34.62477021,MOTO,PASAJEROS
1,2020-01-20,12:00:00,AVENIDA,LAFUENTE AV.,NO,LAFUENTE AV. 2250,8,-58.44925765,-34.65412546,MOTO,CARGAS
1,2020-01-27,00:00:00,CALLE,CHILE,SI,CHILE y LIMA,1,-58.3815685,-34.61648696,PEATON,MOTO
1,2020-01-30,07:00:00,AVENIDA,CORDOBA AV.,SI,"CORDOBA AV. y JAURES, JEAN",2,-58.40662899,-34.59804521,MOTO,CARGAS
1,2020-02-04,14:00:00,CALLE,"PERON, JUAN DOMINGO, TTE. GENERAL",SI,"PERON, JUAN DOMINGO, TTE. GENERAL y SALGUERO, JERONIMO",5,-58.41985649,-34.6060085,PEATON,AUTO
1,2020-02-08,05:00:00,AVENIDA,9 DE JULIO AV.,SI,9 DE JULIO AV. y SAN JUAN AV.,1,-58.38099833,-34.62214953,MOTO,OBJETO FIJO
1,2020-02-12,11:00:00,CALLE,COLOMBRES,NO,COLOMBRES 466,5,-58.41803309,-34.61823178,MOTO,CARGAS
1,2020-02-18,21:00:00,CALLE,MEXICO,NO,MEXICO 2860,3,-58.40604003,-34.61783553,PEATON,MOTO
1,2020-02-20,12:00:00,AVENIDA,COMBATIENTES DE MALVINAS AV.,SI,COMBATIENTES DE MALVINAS AV. y TRIUNVIRATO AV.,15,-58.47549929,-34.57994061,PEATON,MOTO
1,2020-02-27,02:00:00,CALLE,BERMUDEZ,SI,BERMUDEZ y NOGOYA,11,-58.51398484,-34.61600366,MOTO,PASAJEROS
1,2020-02-28,14:00:00,AVENIDA,BRASIL AV.,SI,BRASIL AV. y PASEO COLON AV.,1,-58.36797542,-34.62519403,MOTO,PASAJEROS
1,2020-02-29,13:00:00,AVENIDA,"ALEM, LEANDRO N. AV.",NO,"ALEM, LEANDRO N. AV. 770",1,-58.37133616,-34.59879316,PEATON,PASAJEROS
1,2020-03-05,23:00:00,AVENIDA,BELGRANO AV.,SI,BELGRANO AV. y RINCON,3,-58.39613805,-34.61413568,PEATON,AUTO
1,2020-03-09,14:00:00,AVENIDA,"UDAONDO, GUILLERMO AV.",NO,"UDAONDO, GUILLERMO AV. 901",13,-58.44903073,-34.54200276,MOTO,OBJETO FIJO
1,2020-03-10,21:00:00,CALLE,CONSTITUCION,SI,CONSTITUCION y CASTRO,5,-58.41972364,-34.6284667,PEATON,AUTO
1,2020-03-13,17:00:00,AVENIDA,PUEYRREDON AV.,SI,"PUEYRREDON AV. y GOMEZ, VALENTIN",3,-58.40571596,-34.60557123,PEATON,MOTO
1,2020-03-14,16:00:00,CALLE,"BRAVO, MARIO",NO,"BRAVO, MARIO 1279",2,-58.4145159,-34.59488319,PEATON,AUTO
1,2020-04-07,06:00:00,AUTOPISTA,AUTOPISTA DELLEPIANE LUIS TTE. GRAL.,SI,AUTOPISTA DELLEPIANE LUIS TTE. GRAL. y ESCALADA AV.,9,-58.47297505,-34.66245085,AUTO,CARGAS
1,2020-04-09,18:00:00,AVENIDA,"ARAOZ DE LAMADRID, GREGORIO, GRAL.",SI,"ARAOZ DE LAMADRID, GREGORIO, GRAL. y BROWN, ALTE. AV.",4,-58.35791192,-34.63695178,AUTO,CARGAS
1,2020-04-24,07:00:00,CALLE,MURGUIONDO,NO,MURGUIONDO 1339,9,-58.50801713,-34.65177305,AUTO,AUTO
1,2020-05-12,05:00:00,AVENIDA,RIVADAVIA AV.,NO,RIVADAVIA AV. 2551,3,-58.40258477,-34.60975108,PEATON,AUTO
1,2020-05-18,08:00:00,AVENIDA,"DELLEPIANE, LUIS, TTE. GRAL.",SI,"DELLEPIANE, LUIS, TTE. GRAL. y MONTIEL",8,-58.48267426,-34.68454456,PEATON,CARGAS
1,2020-05-19,10:00:00,AVENIDA,"SCALABRINI ORTIZ, RAUL AV.",SI,"SCALABRINI ORTIZ, RAUL AV. y WARNES AV.",15,-58.44248936,-34.60221948,PEATON,PASAJEROS
1,2020-06-10,14:00:00,GRAL PAZ,"PAZ, GRAL. AV.",SI,"PAZ, GRAL. AV. y ROFFO, ANGEL H., DR.",9,-58.52909134,-34.63886726,PEATON,PASAJEROS
1,2020-06-16,15:00:00,AVENIDA,SAN MARTIN AV.,NO,SAN MARTIN AV. 1550,6,-58.45158942,-34.6064658,MOTO,MULTIPLE
1,2020-06-30,08:00:00,AVENIDA,"GARZON, EUGENIO, GRAL. AV.",SI,"GARZON, EUGENIO, GRAL. AV. y LARRAYA",9,-58.49344309,-34.65788529,MOTO,CARGAS
1,2020-07-10,23:00:00,AVENIDA,CORRIENTES AV.,SI,CORRIENTES AV. y SERRANO,15,-58.44259166,-34.59635137,MOTO,AUTO
1,2020-07-19,06:00:00,GRAL PAZ,"PAZ, GRAL. AV.",SI,"PAZ, GRAL. AV. y DEL LIBERTADOR AV.",13,-58.46743471,-34.53476874,AUTO,OBJETO FIJO
1,2020-08-02,03:00:00,CALLE,"MITRE, BARTOLOME",SI,"MITRE, BARTOLOME y ANCHORENA, TOMAS MANUEL DE, DR.",3,-58.41178158,-34.60922259,PEATON,AUTO
1,2020-08-04,05:00:00,AUTOPISTA,AUTOPISTA 25 DE MAYO,NO,AUTOPISTA 25 DE MAYO y PUMACAHUA,7,-58.45068621,-34.63638927,MOTO,PASAJEROS
1,2020-08-07,18:00:00,AVENIDA,"SCALABRINI ORTIZ, RAUL AV.",SI,"SCALABRINI ORTIZ, RAUL AV. y PARAGUAY",14,-58.42016954,-34.5877879,PEATON,MOTO
1,2020-08-29,04:00:00,AVENIDA,"FERNANDEZ DE LA CRUZ, F., GRAL. AV.",SI,"FERNANDEZ DE LA CRUZ, F., GRAL. AV. y VARELA AV.",8,-58.43850413,-34.65554754,PEATON,AUTO
2,2020-08-30,04:00:00,AVENIDA,LAS HERAS GENERAL AV.,SI,"LAS HERAS GENERAL AV. y DIAZ, CNEL. AV.",14,-58.40617526,-34.58345898,AUTO,AUTO
1,2020-09-12,03:00:00,AVENIDA,"CASTILLO, RAMON S., PRES. AV.",SI,"CASTILLO, RAMON S., PRES. AV. y CALLE 12 (NO OFICIAL)",2,-58.38526125,-34.5780581,AUTO,OBJETO FIJO
1,2020-09-28,01:00:00,AVENIDA,CURAPALIGUE,SI,"CURAPALIGUE y PERON, EVA AV.",7,-58.4475047,-34.63491705,MOTO,PASAJEROS
1,2020-09-29,17:00:00,AVENIDA,"DIAZ, ANA",SI,"DIAZ, ANA y SOLDADO DE LA FRONTERA AV.",8,-58.46745752,-34.68192648,PEATON,PASAJEROS
1,2020-09-30,17:00:00,AVENIDA,"ALEM, LEANDRO N. AV.",SI,"ALEM, LEANDRO N. AV. y PARAGUAY",1,-58.37202621,-34.59717942,PEATON,PASAJEROS
1,2020-10-05,00:00:00,AVENIDA,LA PLATA AV.,SI,LA PLATA AV. e INDEPENDENCIA AV.,6,-58.42779702,-34.62207347,AUTO,AUTO
1,2020-10-19,03:00:00,GRAL PAZ,"PAZ, GRAL. AV.",SI,"PAZ, GRAL. AV. y 27 DE FEBRERO AV.",8,-58.46244952,-34.70524971,AUTO,CARGAS
1,2020-10-27,21:00:00,AVENIDA,NAZCA AV.,SI,"NAZCA AV. y CARRANZA, ADOLFO P.",11,-58.4844016,-34.60776782,MOTO,MOTO
1,2020-10-27,14:00:00,AUTOPISTA,AUTOPISTA PRESIDENTE HECTOR J. CAMPORA,SI,AUTOPISTA PRESIDENTE HÃ‰CTOR J. CÃMPORA y LACARRA AV.,9,-58.46668375,-34.65174801,PEATON,CARGAS
1,2020-10-29,20:00:00,AVENIDA,DORREGO AV.,NO,DORREGO AV. 614,15,-58.4495878,-34.59322448,MOTO,OBJETO FIJO
1,2020-10-30,20:00:00,AVENIDA,DEL LIBERTADOR AV.,SI,"DEL LIBERTADOR AV. y RAMOS MEJIA, JOSE MARIA, DR. AV.",1,-58.37533517,-34.59276462,PEATON,AUTO
1,2020-11-01,22:00:00,AVENIDA,SANTA FE AV.,SI,SANTA FE AV. y GODOY CRUZ,14,-58.42525456,-34.57866344,PEATON,MOTO
1,2020-11-05,00:00:00,AVENIDA,AVELLANEDA AV.,SI,AVELLANEDA AV. y MERCEDES,10,-58.48493828,-34.62981124,MOTO,AUTO
1,2020-11-07,06:00:00,AVENIDA,TUCUMAN,SI,TUCUMAN y PUEYRREDON AV.,3,-58.40480504,-34.60183884,BICICLETA,CARGAS
1,2020-11-09,03:00:00,AVENIDA,"ALCORTA, AMANCIO AV.",SI,"ALCORTA, AMANCIO AV. y EINSTEIN, ALBERTO",4,-58.41125934,-34.6541774,AUTO,AUTO
1,2020-11-19,09:00:00,CALLE,INCLAN,SI,INCLAN y ALBERTI,4,-58.39956546,-34.6297708,BICICLETA,AUTO
1,2020-11-19,12:00:00,AVENIDA,OLAZABAL AV.,NO,OLAZABAL AV. 5437,12,-58.49005682,-34.5786897,PEATON,CARGAS
1,2020-11-21,13:00:00,GRAL PAZ,"PAZ, GRAL. AV.",SI,"PAZ, GRAL. AV. y ROCA, CNEL. AV.",8,-58.47064556,-34.69843756,MOTO,CARGAS
1,2020-11-23,07:00:00,AVENIDA,NAZCA AV.,SI,"NAZCA AV. y VIALE, LUIS",11,-58.4750156,-34.61945902,PEATON,AUTO
1,2020-11-24,16:00:00,AVENIDA,OLIVERA AV.,SI,"OLIVERA AV. y FALCON, RAMON L.,CNEL.",10,-58.48727942,-34.63652467,PEATON,AUTO
1,2020-12-01,06:00:00,CALLE,BRASIL,NO,BRASIL 1100,1,-58.3795169,-34.62794241,PEATON,PASAJEROS
1,2020-12-03,20:00:00,AVENIDA,HOMERO,SI,"HOMERO y PERON, EVA AV.",9,-58.47750832,-34.65672199,PEATON,MOTO
1,2020-12-03,14:00:00,AUTOPISTA,"CANTILO, INT.",SI,"CANTILO, INT. y UDAONDO, GUILLERMO AV.",13,-58.44927253,-34.54048625,MOTO,CARGAS
1,2020-12-04,17:00:00,CALLE,MORENO,NO,MORENO 1845,3,-58.39246272,-34.61253541,BICICLETA,PASAJEROS
2,2020-12-05,07:00:00,CALLE,NUEVA YORK,SI,NUEVA YORK y ALTA GRACIA,11,-58.52783814,-34.61047001,PEATON_MOTO,MOTO
1,2020-12-05,16:00:00,GRAL PAZ,"PAZ, GRAL. AV.",SI,"PAZ, GRAL. AV. y GOYENECHE, ROBERTO PARQUE AV.",12,-58.49332664,-34.54836855,MOTO,AUTO
1,2020-12-07,04:00:00,AUTOPISTA,AUTOPISTA PERITO MORENO,NO,AUTOPISTA PERITO MORENO (ALTURA ESTACION DE TREN VILLA LURO),10,-58.50178784,-34.63593897,MOTO,OBJETO FIJO
1,2020-12-11,22:00:00,AVENIDA,SAENZ AV.,SI,SAENZ AV. y BEAZLEY,4,-58.41657793,-34.65476216,PEATON,PASAJEROS
1,2020-12-12,20:00:00,AVENIDA,DEL LIBERTADOR AV.,SI,DEL LIBERTADOR AV. y AUSTRIA,2,-58.39731474,-34.58307887,MOTO,AUTO
1,2020-12-15,05:00:00,AVENIDA,INDEPENDENCIA AV.,SI,"INDEPENDENCIA AV. y SAENZ PEÃ‘A, LUIS, PRES.",1,-58.38746381,-34.61790839,MOTO,PASAJEROS
1,2020-12-17,15:00:00,AVENIDA,CALLAO AV.,SI,"CALLAO AV. y LAS HERAS, GENERAL",2,-58.39189441,-34.59176378,PEATON,PASAJEROS
1,2020-12-17,23:00:00,AVENIDA,SAN PEDRITO AV.,SI,SAN PEDRITO AV. y DIRECTORIO AV.,7,-58.46749188,-34.63551751,PEATON,AUTO
1,2020-12-19,03:00:00,AVENIDA,JUJUY AV.,SI,"JUJUY AV. y CALVO, CARLOS",3,-58.40280471,-34.62113271,BICICLETA,AUTO
1,2020-12-20,07:00:00,AVENIDA,27 DE FEBRERO AV.,SI,27 DE FEBRERO AV. y ESCALADA AV.,8,-58.44451316,-34.68475866,MOTO,OBJETO FIJO
1,2020-12-20,21:00:00,AVENIDA,BOGOTA,SI,BOGOTA y NAZCA AV.,7,-58.47110424,-34.62742408,AUTO,AUTO
1,2020-12-23,14:00:00,AVENIDA,CORRIENTES AV.,SI,CORRIENTES AV. y 9 DE JULIO AV.,1,-58.38220928,-34.60373898,PEATON,PASAJEROS
1,2020-12-24,12:00:00,AVENIDA,ALVAREZ JONTE AV.,SI,ALVAREZ JONTE AV. y CHIVILCOY,10,-58.49794468,-34.61565025,AUTO,PASAJEROS
2,2020-12-25,06:00:00,AVENIDA,SAN MARTIN AV.,SI,SAN MARTIN AV. y PUNTA ARENAS,15,-58.47220945,-34.60111373,MOTO,AUTO
1,2020-12-25,05:00:00,CALLE,BARCO CENTENERA DEL,NO,BARCO CENTENERA DEL 1118,7,-58.43706741,-34.63217813,BICICLETA,PASAJEROS
1,2020-12-27,04:00:00,GRAL PAZ,"PAZ, GRAL. AV.",SI,"PAZ, GRAL. AV. y GOYENECHE, ROBERTO PARQUE AV.",12,-58.49332664,-34.54836855,MOTO,OBJETO FIJO
1,2021-01-06,18:00:00,AUTOPISTA,AUTOPISTA 1 SUR PRESIDENTE ARTURO FRONDIZI,NO,AU FRONDIZI KM. 3,1,-58.37960727,-34.62622851,MOTO,AUTO
1,2021-01-07,10:00:00,AVENIDA,"CASTRO, EMILIO AV.",SI,"CASTRO, EMILIO AV. y MURGUIONDO",9,-58.51061062,-34.64972472,MOTO,CARGAS
1,2021-01-10,07:00:00,AUTOPISTA,AUTOPISTA 25 DE MAYO,NO,AUTOPISTA 25 DE MAYO KM. 3.7,7,-58.43052224,-34.62941648,MOTO,OBJETO FIJO
1,2021-01-11,09:00:00,AVENIDA,CASEROS AV.,SI,CASEROS AV. y GUARANI,5,-58.41455544,-34.63866836,PEATON,CARGAS
1,2021-01-11,21:00:00,AVENIDA,"PERON, EVA AV.",NO,"PERON, EVA AV. 3800",9,-58.46774439,-34.64730145,PEATON,AUTO
1,2021-01-12,21:00:00,AUTOPISTA,AUTOPISTA ARTURO ILLIA,SI,AUTOPISTA ARTURO ILLIA y SARMIENTO AV.,14,-58.40786274,-34.56726817,MOTO,CARGAS
1,2021-01-18,10:00:00,AVENIDA,DE LOS CONSTITUYENTES AV.,SI,DE LOS CONSTITUYENTES AV. y GIRIBONE,15,-58.48744301,-34.58622275,MOTO,MOTO
1,2021-01-22,23:00:00,AVENIDA,SAENZ AV.,SI,"SAENZ AV. y RABANAL, FRANCISCO, INTENDENTE AV.",4,-58.41657793,-34.65476216,PEATON,PASAJEROS
1,2021-01-23,05:00:00,AVENIDA,PAYSANDU,SI,PAYSANDU y GAONA AV.,6,-58.45351111,-34.61134937,MOTO,OBJETO FIJO
1,2021-01-23,08:00:00,GRAL PAZ,"PAZ, GRAL. AV.",SI,"PAZ, GRAL. AV. y BALBIN, RICARDO, DR. AV.",12,-58.5007381,-34.5497951,MOTO,AUTO
1,2021-01-27,01:00:00,AVENIDA,SANTA FE AV.,NO,SANTA FE AV. 1675,2,-58.39144148,-34.59564871,PEATON,AUTO
1,2021-01-29,20:00:00,AUTOPISTA,"DELLEPIANE, LUIS, TTE. GRAL.",SI,"DELLEPIANE, LUIS, TTE. GRAL. y GUAMINI",8,-58.48191128,-34.68385968,PEATON,AUTO
1,2021-01-31,06:00:00,AVENIDA,"FALCON, RAMON L.,CNEL.",SI,"FALCON, RAMON L.,CNEL. y OLIVERA AV.",10,-58.48727942,-34.63652467,MOTO,OBJETO FIJO
1,2021-02-02,00:00:00,AVENIDA,SAN MARTIN AV.,SI,SAN MARTIN AV. y NOGOYA,15,-58.48328708,-34.59779521,PEATON,AUTO
1,2021-02-06,03:00:00,AVENIDA,SAN MARTIN AV.,SI,SAN MARTIN AV. y TINOGASTA,15,-58.49018543,-34.5972499,MOTO,OBJETO FIJO
1,2021-02-14,05:00:00,AVENIDA,"FERNANDEZ DE LA CRUZ, F., GRAL. AV.",SI,"FERNANDEZ DE LA CRUZ, F., GRAL. AV. y DE LA TORRE, LISANDRO",8,-58.47230127,-34.68482689,AUTO,OBJETO FIJO
1,2021-02-17,04:00:00,AVENIDA,SALTA,SI,SALTA y CASEROS AV.,1,-58.38262614,-34.63168269,MOTO,PASAJEROS
1,2021-02-20,19:00:00,CALLE,"JAURES, JEAN",SI,"JAURES, JEAN y PERON, JUAN DOMINGO, TTE. GENERAL",3,-58.41047268,-34.60793518,PEATON,AUTO
1,2021-02-21,01:00:00,AVENIDA,TRIUNVIRATO AV.,SI,"TRIUNVIRATO AV. y LARRALDE, CRISOLOGO AV.",12,-58.49659234,-34.56353635,MOTO,OBJETO FIJO
1,2021-02-21,15:00:00,CALLE,POTOSI,SI,POTOSI y GASCON,5,-58.42462955,-34.60727189,PEATON,CARGAS
1,2021-02-26,05:00:00,CALLE,"YRIGOYEN, HIPOLITO",SI,"YRIGOYEN, HIPOLITO y 24 DE NOVIEMBRE",3,-58.41168345,-34.61185625,MOTO,OBJETO FIJO
1,2021-02-28,12:00:00,AVENIDA,DEL LIBERTADOR AV.,SI,DEL LIBERTADOR AV. y ROOSEVELT FRANKLIN D.,13,-58.45157681,-34.55217303,PASAJEROS,SD
1,2021-03-03,16:00:00,AVENIDA,"PERON, EVA AV.",SI,"PERON, EVA AV. y PIEDRA BUENA AV.",9,-58.49573651,-34.67006054,BICICLETA,CARGAS
1,2021-03-11,03:00:00,GRAL PAZ,"PAZ, GRAL. AV.",SI,"PAZ, GRAL. AV. y AUTOPISTA DELLEPIANE LUIS TTE. GRAL.",8,-58.48695354,-34.68795245,MOTO,OTRO
1,2021-03-15,02:00:00,AUTOPISTA,AUTOPISTA 1 SUR PRESIDENTE ARTURO FRONDIZI,NO,"AUTOPISTA 1 SUR PRESIDENTE ARTURO FRONDIZI y QUINQUELA MARTIN, BENITO",4,-58.37562539,-34.64449357,MOTO,OBJETO FIJO
1,2021-03-16,15:00:00,GRAL PAZ,"PAZ, GRAL. AV.",SI,"PAZ, GRAL. AV. y DONADO",12,-58.49491054,-34.54795581,MOTO,CARGAS
1,2021-03-29,17:00:00,AVENIDA,COREA AV.,SI,"COREA AV. y TORRES Y TENORIO, PRES.",7,-58.44147621,-34.64357704,PEATON,PASAJEROS
1,2021-03-31,18:00:00,AVENIDA,"FALCON, RAMON L.,CNEL.",SI,"FALCON, RAMON L.,CNEL. y SAN PEDRITO AV.",7,-58.46899119,-34.63215432,AUTO,AUTO
1,2021-04-03,18:00:00,CALLE,FINOCHIETTO ENRIQUE DR.,NO,FINOCHIETTO ENRIQUE DR. 1623,4,-58.38685612,-34.63455776,PEATON,PASAJEROS
1,2021-04-07,10:00:00,AVENIDA,9 DE JULIO AV.,SI,9 DE JULIO AV. e INDEPENDENCIA AV.,1,-58.38113667,-34.61765323,PEATON,CARGAS
1,2021-04-10,19:00:00,AUTOPISTA,"CANTILO, INT.",SI,"CANTILO, INT. y GUIRALDES, INT.",13,-58.44112678,-34.54538956,PEATON,MOTO
1,2021-04-14,17:00:00,AUTOPISTA,AUTOPISTA 25 DE MAYO,NO,AUTOPISTA 25 DE MAYO y BOEDO AV.,5,-58.41595919,-34.62743346,AUTO,OBJETO FIJO
1,2021-04-19,14:00:00,AVENIDA,"ALCORTA, AMANCIO AV.",SI,"ALCORTA, AMANCIO AV. y ZAVALETA",4,-58.40184094,-34.64546845,MOTO,CARGAS
1,2021-05-03,09:00:00,AVENIDA,"JANER, ANA MARIA",SI,"JANER, ANA MARIA y LAFUENTE AV.",8,-58.44642231,-34.65679806,MOTO,CARGAS
1,2021-05-09,06:00:00,GRAL PAZ,"PAZ, GRAL. AV.",SI,"PAZ, GRAL. AV. y MOSCONI GENERAL AV.",11,-58.52340614,-34.59798754,MOTO,OBJETO FIJO
1,2021-05-11,07:00:00,AVENIDA,MONROE,SI,"MONROE y BALBIN, RICARDO, DR. AV.",13,-58.46649069,-34.56219075,PEATON,PASAJEROS
1,2021-05-14,11:00:00,AVENIDA,"JUSTO, JUAN B. AV.",SI,"JUSTO, JUAN B. AV. y SANTA FE AV.",14,-58.42653328,-34.57816791,MOTO,CARGAS
1,2021-05-15,12:00:00,AVENIDA,OLIDEN,SI,"OLIDEN y ALBERDI, JUAN BAUTISTA AV.",9,-58.50407099,-34.65303372,BICICLETA,AUTO
1,2021-05-20,05:00:00,GRAL PAZ,"PAZ, GRAL. AV.",SI,"PAZ, GRAL. AV. y DEL LIBERTADOR AV.",13,-58.46743471,-34.53476874,MOTO,AUTO
1,2021-05-20,08:00:00,AVENIDA,DEL LIBERTADOR AV.,SI,DEL LIBERTADOR AV. y CASARES AV.,14,-58.40986646,-34.5772806,PEATON,PASAJEROS
1,2021-05-21,05:00:00,AVENIDA,RIVADAVIA AV.,NO,RIVADAVIA AV. 10900,9,-58.51739138,-34.63931792,PEATON,PASAJEROS
1,2021-05-22,18:00:00,AVENIDA,"ALBERDI, JUAN BAUTISTA AV.",SI,"ALBERDI, JUAN BAUTISTA AV. y PILAR",9,-58.50719962,-34.65556223,PEATON,AUTO
1,2021-05-25,02:00:00,AVENIDA,"PERON, EVA AV.",SI,"PERON, EVA AV. y ACOSTA, MARIANO",9,-58.46712311,-34.64600222,MOTO,OBJETO FIJO
1,2021-05-26,17:00:00,AUTOPISTA,AUTOPISTA 1 SUR PRESIDENTE ARTURO FRONDIZI,NO,AUTOPISTA 1 SUR PRESIDENTE ARTURO FRONDIZI y SUAREZ AV.,4,-58.37709334,-34.64035082,MOTO,MULTIPLE
1,2021-05-31,02:00:00,AVENIDA,ELCANO AV.,SI,ELCANO AV. y GUZMAN AV.,15,-58.46033141,-34.58569883,AUTO,OBJETO FIJO
1,2021-06-02,16:00:00,AVENIDA,"VEDIA, AGUSTIN DE",SI,"VEDIA, AGUSTIN DE y RABANAL, FRANCISCO, INTENDENTE AV.",4,-58.42190745,-34.65633192,MOTO,AUTO
1,2021-06-03,09:00:00,AVENIDA,CAPDEVILA,SI,CAPDEVILA y CONGRESO AV.,12,-58.49026573,-34.5698141,BICICLETA,AUTO
1,2021-06-03,20:00:00,AVENIDA,"FERNANDEZ DE LA CRUZ, F., GRAL. AV.",NO,"FERNANDEZ DE LA CRUZ, F., GRAL. AV. 4000",8,-58.45410344,-34.66902702,AUTO,AUTO
1,2021-06-10,13:00:00,AVENIDA,DEL LIBERTADOR AV.,NO,DEL LIBERTADOR AV. 5958,13,-58.44751621,-34.55719892,MOTO,PASAJEROS
1,2021-06-15,19:00:00,AVENIDA,27 DE FEBRERO AV.,SI,27 DE FEBRERO AV. y EREZCANO AV.,4,-58.42040352,-34.66005171,PEATON,CARGAS
1,2021-06-20,05:00:00,GRAL PAZ,"PAZ, GRAL. AV.",NO,"PAZ, GRAL. AV. 14723",8,-58.49530249,-34.68010798,MOTO,OBJETO FIJO
1,2021-06-20,12:00:00,AVENIDA,CORRIENTES AV.,NO,CORRIENTES AV. 5783,15,-58.44399875,-34.5947736,PEATON,BICICLETA
1,2021-06-22,14:00:00,CALLE,TABARE,SI,TABARE y EREZCANO,4,-58.42759813,-34.65463857,MOTO,CARGAS
1,2021-06-29,12:00:00,AVENIDA,CORRIENTES AV.,SI,CORRIENTES AV. y PUEYRREDON AV.,3,-58.40547222,-34.60456293,MOTO,CARGAS
1,2021-07-09,23:00:00,AVENIDA,CORRALES,SI,"CORRALES y MORENO, PERITO AV.",4,-58.42473018,-34.6500828,BICICLETA,AUTO
1,2021-07-10,23:00:00,AUTOPISTA,AUTOPISTA ARTURO ILLIA,NO,AUTOPISTA  ARTURO ILLIA (CABINA DE PEAJE),2,-58.39257023,-34.57563957,AUTO,OBJETO FIJO
1,2021-07-21,00:00:00,GRAL PAZ,"PAZ, GRAL. AV.",SI,"PAZ, GRAL. AV. y VEDIA",12,-58.48941042,-34.54596153,PEATON,AUTO
1,2021-07-22,01:00:00,AVENIDA,"GARAY, JUAN DE AV.",NO,"GARAY, JUAN DE AV. 2269",3,-58.3964074,-34.62783085,AUTO,OBJETO FIJO
1,2021-07-22,12:00:00,AVENIDA,"SALGUERO, JERONIMO",SI,"SALGUERO, JERONIMO y RIVADAVIA AV.",5,-58.41971993,-34.6111224,PEATON,PASAJEROS
1,2021-07-24,09:00:00,AVENIDA,"MORENO, PERITO AV.",SI,"MORENO, PERITO AV. y ALCORTA, AMANCIO AV.",4,-58.40544588,-34.65012801,PEATON,CARGAS
1,2021-07-27,07:00:00,AVENIDA,LA PLATA AV.,NO,LA PLATA AV. 2723,4,-58.42003882,-34.64645957,AUTO,CARGAS
1,2021-08-02,04:00:00,AVENIDA,"ALBERDI, JUAN BAUTISTA AV.",NO,"ALBERDI, JUAN BAUTISTA AV. 2906",7,-58.46851293,-34.63348678,AUTO,AUTO
1,2021-08-02,20:00:00,GRAL PAZ,"PAZ, GRAL. AV.",SI,"PAZ, GRAL. AV. y TONELERO",9,-58.52931141,-34.65422917,PEATON,CARGAS
1,2021-08-06,08:00:00,AVENIDA,SAN JUAN AV.,SI,SAN JUAN AV. y LA PLATA AV.,6,-58.42675754,-34.6269973,PEATON,PASAJEROS
1,2021-08-06,20:00:00,AVENIDA,LOPE DE VEGA AV.,SI,"LOPE DE VEGA AV. y PAZ, GRAL. AV.",11,-58.52933723,-34.61098186,PEATON,PASAJEROS
1,2021-08-08,09:00:00,AUTOPISTA,AUTOPISTA 1 SUR PRESIDENTE ARTURO FRONDIZI,NO,AUTOPISTA 1 SUR PRESIDENTE ARTURO FRONDIZI y BRASIL,1,-58.37910943,-34.62764718,MOTO,OBJETO FIJO
1,2021-08-15,06:00:00,AVENIDA,"BEIRO, FRANCISCO AV.",NO,"BEIRO, FRANCISCO AV. 5071",11,-58.52161176,-34.61164474,MOTO,OBJETO FIJO
1,2021-08-20,17:00:00,AVENIDA,SANTA FE AV.,NO,SANTA FE AV. 3428,14,-58.41354692,-34.5869768,PEATON,AUTO
1,2021-08-28,08:00:00,AVENIDA,"CHILAVERT, MARTINIANO, CORONEL",SI,"CHILAVERT, MARTINIANO, CORONEL y VARELA AV.",8,-58.43960781,-34.65470804,MOTO,CARGAS
1,2021-08-31,16:00:00,CALLE,SAN LUIS,NO,SAN LUIS 2730,3,-58.4045461,-34.60003693,PEATON,MOTO
1,2021-09-01,19:00:00,AVENIDA,CALLAO AV.,SI,CALLAO AV. y PARAGUAY,2,-58.39303911,-34.59871111,PEATON,AUTO
1,2021-09-18,12:00:00,AVENIDA,DEL LIBERTADOR AV.,SI,"DEL LIBERTADOR AV. y AGOTE, LUIS DR.",2,-58.39391034,-34.58405348,BICICLETA,AUTO
1,2021-09-20,15:00:00,GRAL PAZ,"PAZ, GRAL. AV.",SI,"PAZ, GRAL. AV. y BALBIN, RICARDO, DR. AV.",12,-58.5007381,-34.5497951,MOTO,MULTIPLE
1,2021-09-21,14:00:00,CALLE,SALTA,SI,SALTA y BRASIL,1,-58.38281301,-34.62786038,PEATON,CARGAS
1,2021-10-16,06:00:00,AVENIDA,"MORENO, PERITO AV.",NO,"MORENO, PERITO AV. 2152",7,-58.43980799,-34.65094083,MOTO,OBJETO FIJO
1,2021-10-18,07:00:00,AVENIDA,DIRECTORIO AV.,NO,DIRECTORIO AV. 1169,6,-58.44402387,-34.62933109,MOTO,CARGAS
1,2021-10-23,06:00:00,AVENIDA,INDEPENDENCIA AV.,SI,INDEPENDENCIA AV. y LA PLATA AV.,6,-58.42779702,-34.62207347,MOTO,PASAJEROS
1,2021-10-25,03:00:00,CALLE,TUCUMAN,NO,TUCUMAN 3112,3,-58.40944147,-34.60097942,PEATON,AUTO
1,2021-10-28,16:00:00,AVENIDA,ARENALES,SI,ARENALES y 9 DE JULIO AV.,1,-58.38277479,-34.5943016,MOTO,AUTO
1,2021-11-02,13:00:00,AUTOPISTA,AUTOPISTA 1 SUR PRESIDENTE ARTURO FRONDIZI,NO,AUTOPISTA 1 SUR PRESIDENTE ARTURO FRONDIZI y BRANDSEN,4,-58.37627355,-34.63800916,MOTO,CARGAS
1,2021-11-06,04:00:00,AUTOPISTA,AUTOPISTA 25 DE MAYO,NO,AUTOPISTA 25 DE MAYO y PASCO,3,-58.39591856,-34.62453459,MOTO,AUTO
1,2021-11-09,00:00:00,AVENIDA,CABILDO AV.,SI,CABILDO AV. y OLAZABAL,13,-58.45829717,-34.56015762,MOTO,AUTO
1,2021-11-11,03:00:00,AVENIDA,TAPALQUE,SI,TAPALQUE y BRUIX AV.,9,-58.49142611,-34.64584795,AUTO,OBJETO FIJO
1,2021-11-20,18:00:00,GRAL PAZ,"PAZ, GRAL. AV.",SI,"PAZ, GRAL. AV. y EZEIZA",12,-58.51271409,-34.57786555,MOTO,OBJETO FIJO
1,2021-11-25,10:00:00,AVENIDA,RIVADAVIA AV.,SI,RIVADAVIA AV. y PUAN,6,-58.44864864,-34.62352826,PEATON,PASAJEROS
1,2021-11-27,11:00:00,CALLE,ESMERALDA,NO,ESMERALDA 1359,1,-58.37795815,-34.59167894,PEATON,BICICLETA
1,2021-12-01,15:00:00,CALLE,MONROE,SI,MONROE y 3 DE FEBRERO,13,-58.45531707,-34.55555257,MOTO,AUTO
1,2021-12-02,01:00:00,AVENIDA,GAONA AV.,NO,GAONA AV. 3655,11,-58.47633683,-34.62140594,MOTO,AUTO
1,2021-12-10,11:00:00,AVENIDA,9 DE JULIO AV.,SI,9 DE JULIO AV. y LAVALLE,1,-58.38188582,-34.60256036,PEATON,PASAJEROS
1,2021-12-11,23:00:00,CALLE,BAIGORRIA,SI,"BAIGORRIA y HUGO, VICTOR",10,-58.51989389,-34.62284918,MOTO,AUTO
1,2021-12-12,06:00:00,AVENIDA,RIVADAVIA AV.,SI,RIVADAVIA AV. y PUEYRREDON AV.,3,-58.4059686,-34.61011987,PEATON,AUTO
1,2021-12-13,17:00:00,AVENIDA,RIESTRA AV.,SI,RIESTRA AV. y MOM,7,-58.43353773,-34.64561636,MOTO,AUTO
1,2021-12-20,01:00:00,AUTOPISTA,"DELLEPIANE, LUIS, TTE. GRAL.",SI,"DELLEPIANE, LUIS, TTE. GRAL. y LACARRA AV.",9,-58.46739825,-34.65117757,MOTO,AUTO
1,2021-12-30,00:00:00,AVENIDA,GAONA AV.,SI,GAONA AV. y TERRADA,11,-58.47293407,-34.61984745,MOTO,CARGAS
1,2021-12-15,10:00:00,AVENIDA,"PERON, EVA AV.",NO,"PERON, EVA AV. 4071",9,-58.47066794,-34.65021673,AUTO,CARGAS
1,2021-11-18,06:00:00,CALLE,PADRE CARLOS MUJICA,NO,PADRE CARLOS MUGICA 709,1,-58.37976155,-34.58679619,BICICLETA,AUTO
